[{"model": "admin.logentry", "pk": 1, "fields": {"action_time": "2024-08-14T06:51:40.885Z", "user": 1, "content_type": 17, "object_id": "1", "object_repr": "testing", "action_flag": 2, "change_message": "[{\"changed\": {\"fields\": [\"Role\"]}}]"}}, {"model": "admin.logentry", "pk": 2, "fields": {"action_time": "2024-08-14T07:41:05.089Z", "user": 1, "content_type": 13, "object_id": "1", "object_repr": "DAVAO CITY POLICE OFFICE 1", "action_flag": 1, "change_message": "[{\"added\": {}}]"}}, {"model": "admin.logentry", "pk": 3, "fields": {"action_time": "2024-08-14T07:59:30.641Z", "user": 1, "content_type": 7, "object_id": "5", "object_repr": "testing1 - testing1@gmail.com", "action_flag": 2, "change_message": "[{\"changed\": {\"fields\": [\"Person sub unit\"]}}]"}}, {"model": "admin.logentry", "pk": 4, "fields": {"action_time": "2024-08-14T08:00:51.575Z", "user": 1, "content_type": 7, "object_id": "8", "object_repr": "testing2 - testing2@gmail.com", "action_flag": 2, "change_message": "[{\"changed\": {\"fields\": [\"Person sub unit\"]}}]"}}, {"model": "admin.logentry", "pk": 5, "fields": {"action_time": "2024-08-14T08:29:48.739Z", "user": 1, "content_type": 7, "object_id": "9", "object_repr": "testing3 - testing3@gmail.com", "action_flag": 2, "change_message": "[{\"changed\": {\"fields\": [\"Person sub unit\"]}}]"}}, {"model": "admin.logentry", "pk": 6, "fields": {"action_time": "2024-08-15T06:16:22.928Z", "user": 1, "content_type": 7, "object_id": "5", "object_repr": "testing1 - testing1@gmail.com", "action_flag": 2, "change_message": "[{\"changed\": {\"fields\": [\"Person station\"]}}]"}}, {"model": "admin.logentry", "pk": 7, "fields": {"action_time": "2024-08-15T06:19:12.901Z", "user": 1, "content_type": 7, "object_id": "5", "object_repr": "Joseph Delos Reyes - testing1@gmail.com", "action_flag": 2, "change_message": "[{\"changed\": {\"fields\": [\"Full name\"]}}]"}}, {"model": "admin.logentry", "pk": 8, "fields": {"action_time": "2024-08-15T06:19:30.036Z", "user": 1, "content_type": 7, "object_id": "8", "object_repr": "Mark Y Dela Cruz - testing2@gmail.com", "action_flag": 2, "change_message": "[{\"changed\": {\"fields\": [\"Full name\", \"Person station\"]}}]"}}, {"model": "admin.logentry", "pk": 9, "fields": {"action_time": "2024-08-15T06:19:47.268Z", "user": 1, "content_type": 7, "object_id": "9", "object_repr": "John Carlo Yulo - testing3@gmail.com", "action_flag": 2, "change_message": "[{\"changed\": {\"fields\": [\"Full name\", \"Person station\"]}}]"}}, {"model": "admin.logentry", "pk": 10, "fields": {"action_time": "2024-08-15T06:20:09.246Z", "user": 1, "content_type": 7, "object_id": "10", "object_repr": "Rey Garcia - testing4@gmail.com", "action_flag": 2, "change_message": "[{\"changed\": {\"fields\": [\"Full name\", \"Person station\"]}}]"}}, {"model": "admin.logentry", "pk": 11, "fields": {"action_time": "2024-08-22T06:03:00.035Z", "user": 1, "content_type": 7, "object_id": "34", "object_repr": "Alvin Escubido - testing5@gmail.com", "action_flag": 2, "change_message": "[{\"changed\": {\"fields\": [\"Person station\"]}}]"}}, {"model": "admin.logentry", "pk": 12, "fields": {"action_time": "2024-08-22T06:58:29.852Z", "user": 1, "content_type": 10, "object_id": "3", "object_repr": "DAVAO CITY POLICE OFFICE - E126", "action_flag": 3, "change_message": ""}}, {"model": "admin.logentry", "pk": 13, "fields": {"action_time": "2024-08-22T07:12:22.496Z", "user": 1, "content_type": 10, "object_id": "259", "object_repr": "REGIONAL MOBILE GROUP - E1220", "action_flag": 2, "change_message": "[{\"changed\": {\"fields\": [\"Sub unit description\"]}}]"}}, {"model": "auth.permission", "pk": 1, "fields": {"name": "Can add log entry", "content_type": 1, "codename": "add_logentry"}}, {"model": "auth.permission", "pk": 2, "fields": {"name": "Can change log entry", "content_type": 1, "codename": "change_logentry"}}, {"model": "auth.permission", "pk": 3, "fields": {"name": "Can delete log entry", "content_type": 1, "codename": "delete_logentry"}}, {"model": "auth.permission", "pk": 4, "fields": {"name": "Can view log entry", "content_type": 1, "codename": "view_logentry"}}, {"model": "auth.permission", "pk": 5, "fields": {"name": "Can add permission", "content_type": 2, "codename": "add_permission"}}, {"model": "auth.permission", "pk": 6, "fields": {"name": "Can change permission", "content_type": 2, "codename": "change_permission"}}, {"model": "auth.permission", "pk": 7, "fields": {"name": "Can delete permission", "content_type": 2, "codename": "delete_permission"}}, {"model": "auth.permission", "pk": 8, "fields": {"name": "Can view permission", "content_type": 2, "codename": "view_permission"}}, {"model": "auth.permission", "pk": 9, "fields": {"name": "Can add group", "content_type": 3, "codename": "add_group"}}, {"model": "auth.permission", "pk": 10, "fields": {"name": "Can change group", "content_type": 3, "codename": "change_group"}}, {"model": "auth.permission", "pk": 11, "fields": {"name": "Can delete group", "content_type": 3, "codename": "delete_group"}}, {"model": "auth.permission", "pk": 12, "fields": {"name": "Can view group", "content_type": 3, "codename": "view_group"}}, {"model": "auth.permission", "pk": 13, "fields": {"name": "Can add content type", "content_type": 4, "codename": "add_contenttype"}}, {"model": "auth.permission", "pk": 14, "fields": {"name": "Can change content type", "content_type": 4, "codename": "change_contenttype"}}, {"model": "auth.permission", "pk": 15, "fields": {"name": "Can delete content type", "content_type": 4, "codename": "delete_contenttype"}}, {"model": "auth.permission", "pk": 16, "fields": {"name": "Can view content type", "content_type": 4, "codename": "view_contenttype"}}, {"model": "auth.permission", "pk": 17, "fields": {"name": "Can add session", "content_type": 5, "codename": "add_session"}}, {"model": "auth.permission", "pk": 18, "fields": {"name": "Can change session", "content_type": 5, "codename": "change_session"}}, {"model": "auth.permission", "pk": 19, "fields": {"name": "Can delete session", "content_type": 5, "codename": "delete_session"}}, {"model": "auth.permission", "pk": 20, "fields": {"name": "Can view session", "content_type": 5, "codename": "view_session"}}, {"model": "auth.permission", "pk": 21, "fields": {"name": "Can add base model", "content_type": 6, "codename": "add_basemodel"}}, {"model": "auth.permission", "pk": 22, "fields": {"name": "Can change base model", "content_type": 6, "codename": "change_basemodel"}}, {"model": "auth.permission", "pk": 23, "fields": {"name": "Can delete base model", "content_type": 6, "codename": "delete_basemodel"}}, {"model": "auth.permission", "pk": 24, "fields": {"name": "Can view base model", "content_type": 6, "codename": "view_basemodel"}}, {"model": "auth.permission", "pk": 25, "fields": {"name": "Can add person", "content_type": 7, "codename": "add_person"}}, {"model": "auth.permission", "pk": 26, "fields": {"name": "Can change person", "content_type": 7, "codename": "change_person"}}, {"model": "auth.permission", "pk": 27, "fields": {"name": "Can delete person", "content_type": 7, "codename": "delete_person"}}, {"model": "auth.permission", "pk": 28, "fields": {"name": "Can view person", "content_type": 7, "codename": "view_person"}}, {"model": "auth.permission", "pk": 29, "fields": {"name": "Can add rank", "content_type": 8, "codename": "add_rank"}}, {"model": "auth.permission", "pk": 30, "fields": {"name": "Can change rank", "content_type": 8, "codename": "change_rank"}}, {"model": "auth.permission", "pk": 31, "fields": {"name": "Can delete rank", "content_type": 8, "codename": "delete_rank"}}, {"model": "auth.permission", "pk": 32, "fields": {"name": "Can view rank", "content_type": 8, "codename": "view_rank"}}, {"model": "auth.permission", "pk": 33, "fields": {"name": "Can add station", "content_type": 9, "codename": "add_station"}}, {"model": "auth.permission", "pk": 34, "fields": {"name": "Can change station", "content_type": 9, "codename": "change_station"}}, {"model": "auth.permission", "pk": 35, "fields": {"name": "Can delete station", "content_type": 9, "codename": "delete_station"}}, {"model": "auth.permission", "pk": 36, "fields": {"name": "Can view station", "content_type": 9, "codename": "view_station"}}, {"model": "auth.permission", "pk": 37, "fields": {"name": "Can add sub unit", "content_type": 10, "codename": "add_subunit"}}, {"model": "auth.permission", "pk": 38, "fields": {"name": "Can change sub unit", "content_type": 10, "codename": "change_subunit"}}, {"model": "auth.permission", "pk": 39, "fields": {"name": "Can delete sub unit", "content_type": 10, "codename": "delete_subunit"}}, {"model": "auth.permission", "pk": 40, "fields": {"name": "Can view sub unit", "content_type": 10, "codename": "view_subunit"}}, {"model": "auth.permission", "pk": 41, "fields": {"name": "Can add transaction", "content_type": 11, "codename": "add_transaction"}}, {"model": "auth.permission", "pk": 42, "fields": {"name": "Can change transaction", "content_type": 11, "codename": "change_transaction"}}, {"model": "auth.permission", "pk": 43, "fields": {"name": "Can delete transaction", "content_type": 11, "codename": "delete_transaction"}}, {"model": "auth.permission", "pk": 44, "fields": {"name": "Can view transaction", "content_type": 11, "codename": "view_transaction"}}, {"model": "auth.permission", "pk": 45, "fields": {"name": "Can add unit", "content_type": 12, "codename": "add_unit"}}, {"model": "auth.permission", "pk": 46, "fields": {"name": "Can change unit", "content_type": 12, "codename": "change_unit"}}, {"model": "auth.permission", "pk": 47, "fields": {"name": "Can delete unit", "content_type": 12, "codename": "delete_unit"}}, {"model": "auth.permission", "pk": 48, "fields": {"name": "Can view unit", "content_type": 12, "codename": "view_unit"}}, {"model": "auth.permission", "pk": 49, "fields": {"name": "Can add geofencing", "content_type": 13, "codename": "add_geofencing"}}, {"model": "auth.permission", "pk": 50, "fields": {"name": "Can change geofencing", "content_type": 13, "codename": "change_geofencing"}}, {"model": "auth.permission", "pk": 51, "fields": {"name": "Can delete geofencing", "content_type": 13, "codename": "delete_geofencing"}}, {"model": "auth.permission", "pk": 52, "fields": {"name": "Can view geofencing", "content_type": 13, "codename": "view_geofencing"}}, {"model": "auth.permission", "pk": 53, "fields": {"name": "Can add path trace", "content_type": 14, "codename": "add_pathtrace"}}, {"model": "auth.permission", "pk": 54, "fields": {"name": "Can change path trace", "content_type": 14, "codename": "change_pathtrace"}}, {"model": "auth.permission", "pk": 55, "fields": {"name": "Can delete path trace", "content_type": 14, "codename": "delete_pathtrace"}}, {"model": "auth.permission", "pk": 56, "fields": {"name": "Can view path trace", "content_type": 14, "codename": "view_pathtrace"}}, {"model": "auth.permission", "pk": 57, "fields": {"name": "Can add deployed units", "content_type": 15, "codename": "add_deployedunits"}}, {"model": "auth.permission", "pk": 58, "fields": {"name": "Can change deployed units", "content_type": 15, "codename": "change_deployedunits"}}, {"model": "auth.permission", "pk": 59, "fields": {"name": "Can delete deployed units", "content_type": 15, "codename": "delete_deployedunits"}}, {"model": "auth.permission", "pk": 60, "fields": {"name": "Can view deployed units", "content_type": 15, "codename": "view_deployedunits"}}, {"model": "auth.permission", "pk": 61, "fields": {"name": "Can add deployed unit person", "content_type": 16, "codename": "add_deployedunitperson"}}, {"model": "auth.permission", "pk": 62, "fields": {"name": "Can change deployed unit person", "content_type": 16, "codename": "change_deployedunitperson"}}, {"model": "auth.permission", "pk": 63, "fields": {"name": "Can delete deployed unit person", "content_type": 16, "codename": "delete_deployedunitperson"}}, {"model": "auth.permission", "pk": 64, "fields": {"name": "Can view deployed unit person", "content_type": 16, "codename": "view_deployedunitperson"}}, {"model": "auth.permission", "pk": 65, "fields": {"name": "Can add user", "content_type": 17, "codename": "add_customuser"}}, {"model": "auth.permission", "pk": 66, "fields": {"name": "Can change user", "content_type": 17, "codename": "change_customuser"}}, {"model": "auth.permission", "pk": 67, "fields": {"name": "Can delete user", "content_type": 17, "codename": "delete_customuser"}}, {"model": "auth.permission", "pk": 68, "fields": {"name": "Can view user", "content_type": 17, "codename": "view_customuser"}}, {"model": "contenttypes.contenttype", "pk": 1, "fields": {"app_label": "admin", "model": "logentry"}}, {"model": "contenttypes.contenttype", "pk": 2, "fields": {"app_label": "auth", "model": "permission"}}, {"model": "contenttypes.contenttype", "pk": 3, "fields": {"app_label": "auth", "model": "group"}}, {"model": "contenttypes.contenttype", "pk": 4, "fields": {"app_label": "contenttypes", "model": "contenttype"}}, {"model": "contenttypes.contenttype", "pk": 5, "fields": {"app_label": "sessions", "model": "session"}}, {"model": "contenttypes.contenttype", "pk": 6, "fields": {"app_label": "app", "model": "basemodel"}}, {"model": "contenttypes.contenttype", "pk": 7, "fields": {"app_label": "app", "model": "person"}}, {"model": "contenttypes.contenttype", "pk": 8, "fields": {"app_label": "app", "model": "rank"}}, {"model": "contenttypes.contenttype", "pk": 9, "fields": {"app_label": "app", "model": "station"}}, {"model": "contenttypes.contenttype", "pk": 10, "fields": {"app_label": "app", "model": "subunit"}}, {"model": "contenttypes.contenttype", "pk": 11, "fields": {"app_label": "app", "model": "transaction"}}, {"model": "contenttypes.contenttype", "pk": 12, "fields": {"app_label": "app", "model": "unit"}}, {"model": "contenttypes.contenttype", "pk": 13, "fields": {"app_label": "app", "model": "geofencing"}}, {"model": "contenttypes.contenttype", "pk": 14, "fields": {"app_label": "app", "model": "pathtrace"}}, {"model": "contenttypes.contenttype", "pk": 15, "fields": {"app_label": "app", "model": "deployedunits"}}, {"model": "contenttypes.contenttype", "pk": 16, "fields": {"app_label": "app", "model": "deployedunitperson"}}, {"model": "contenttypes.contenttype", "pk": 17, "fields": {"app_label": "users", "model": "customuser"}}, {"model": "sessions.session", "pk": "4v4t2wz3oatw5euvmq81j4um8bxf5qar", "fields": {"session_data": ".eJxVjDsOwjAQBe_iGllx_F1Kes5g7dprHECOFCcV4u4QKQW0b2beS0Tc1hq3zkucsjgLJU6_G2F6cNtBvmO7zTLNbV0mkrsiD9rldc78vBzu30HFXr-10VaDL8geDADlMmhlQCdISrEdy5gcQwqhoCNHWnniEDJkDRYJBxDvD9hlN_U:1se8by:XhCY0sz7W7EEOrsLHEkSV5t1jUZsgBoIA77ziCj4Hpk", "expire_date": "2024-08-28T07:40:02.728Z"}}, {"model": "sessions.session", "pk": "jax8zvl5id9irql93bwvkebfpqnot4at", "fields": {"session_data": ".eJxVjDsOwjAQBe_iGllx_F1Kes5g7dprHECOFCcV4u4QKQW0b2beS0Tc1hq3zkucsjgLJU6_G2F6cNtBvmO7zTLNbV0mkrsiD9rldc78vBzu30HFXr-10VaDL8geDADlMmhlQCdISrEdy5gcQwqhoCNHWnniEDJkDRYJBxDvD9hlN_U:1se7qu:qKDCYkwoK5bhj_Xkaq-_o_IGurLy7AP5PXl7e9Vn9u0", "expire_date": "2024-08-28T06:51:24.880Z"}}, {"model": "app.basemodel", "pk": 1, "fields": {"created_date": "2024-08-14T07:41:05.030Z", "modified_date": "2024-08-14T07:41:05.030Z", "created_by": null, "modified_by": null}}, {"model": "app.basemodel", "pk": 2, "fields": {"created_date": "2024-08-14T07:41:40.370Z", "modified_date": "2024-08-14T07:41:40.370Z", "created_by": null, "modified_by": null}}, {"model": "app.basemodel", "pk": 4, "fields": {"created_date": "2024-09-25T05:37:42.124Z", "modified_date": "2024-09-25T05:37:42.124Z", "created_by": null, "modified_by": null}}, {"model": "app.basemodel", "pk": 32, "fields": {"created_date": "2024-08-19T05:57:07.762Z", "modified_date": "2024-08-19T05:57:07.762Z", "created_by": null, "modified_by": null}}, {"model": "app.basemodel", "pk": 33, "fields": {"created_date": "2024-08-15T06:16:10.931Z", "modified_date": "2024-08-15T06:16:10.931Z", "created_by": null, "modified_by": null}}, {"model": "app.basemodel", "pk": 246, "fields": {"created_date": "2024-08-22T06:35:38.310Z", "modified_date": "2024-08-22T06:35:38.310Z", "created_by": null, "modified_by": null}}, {"model": "app.basemodel", "pk": 247, "fields": {"created_date": "2024-08-22T06:36:07.132Z", "modified_date": "2024-08-22T06:36:07.132Z", "created_by": null, "modified_by": null}}, {"model": "app.basemodel", "pk": 248, "fields": {"created_date": "2024-08-22T06:36:22.983Z", "modified_date": "2024-08-22T06:36:22.983Z", "created_by": null, "modified_by": null}}, {"model": "app.basemodel", "pk": 249, "fields": {"created_date": "2024-08-22T06:36:34.771Z", "modified_date": "2024-08-22T06:36:34.771Z", "created_by": null, "modified_by": null}}, {"model": "app.basemodel", "pk": 250, "fields": {"created_date": "2024-08-22T06:36:52.568Z", "modified_date": "2024-08-22T06:36:52.568Z", "created_by": null, "modified_by": null}}, {"model": "app.basemodel", "pk": 251, "fields": {"created_date": "2024-08-22T06:37:08.132Z", "modified_date": "2024-08-22T06:37:08.132Z", "created_by": null, "modified_by": null}}, {"model": "app.basemodel", "pk": 252, "fields": {"created_date": "2024-08-22T06:37:41.665Z", "modified_date": "2024-08-22T06:37:41.665Z", "created_by": null, "modified_by": null}}, {"model": "app.basemodel", "pk": 253, "fields": {"created_date": "2024-08-22T06:38:32.199Z", "modified_date": "2024-08-22T06:38:32.199Z", "created_by": null, "modified_by": null}}, {"model": "app.basemodel", "pk": 254, "fields": {"created_date": "2024-08-22T06:38:53.331Z", "modified_date": "2024-08-22T06:38:53.331Z", "created_by": null, "modified_by": null}}, {"model": "app.basemodel", "pk": 255, "fields": {"created_date": "2024-08-22T06:39:08.695Z", "modified_date": "2024-08-22T06:39:08.695Z", "created_by": null, "modified_by": null}}, {"model": "app.basemodel", "pk": 256, "fields": {"created_date": "2024-08-22T06:39:25.873Z", "modified_date": "2024-08-22T06:39:25.873Z", "created_by": null, "modified_by": null}}, {"model": "app.basemodel", "pk": 257, "fields": {"created_date": "2024-08-22T06:50:38.327Z", "modified_date": "2024-08-22T06:50:38.327Z", "created_by": null, "modified_by": null}}, {"model": "app.basemodel", "pk": 258, "fields": {"created_date": "2024-08-22T06:55:32.496Z", "modified_date": "2024-08-22T06:55:32.496Z", "created_by": null, "modified_by": null}}, {"model": "app.basemodel", "pk": 259, "fields": {"created_date": "2024-08-22T07:12:22.493Z", "modified_date": "2024-08-22T07:12:22.493Z", "created_by": null, "modified_by": null}}, {"model": "app.basemodel", "pk": 260, "fields": {"created_date": "2024-08-22T06:56:48.059Z", "modified_date": "2024-08-22T06:56:48.059Z", "created_by": null, "modified_by": null}}, {"model": "app.basemodel", "pk": 261, "fields": {"created_date": "2024-08-22T06:59:24.753Z", "modified_date": "2024-08-22T06:59:24.753Z", "created_by": null, "modified_by": null}}, {"model": "app.basemodel", "pk": 262, "fields": {"created_date": "2024-08-22T07:00:07.724Z", "modified_date": "2024-08-22T07:00:07.724Z", "created_by": null, "modified_by": null}}, {"model": "app.basemodel", "pk": 263, "fields": {"created_date": "2024-08-22T07:00:53.658Z", "modified_date": "2024-08-22T07:00:53.658Z", "created_by": null, "modified_by": null}}, {"model": "app.basemodel", "pk": 264, "fields": {"created_date": "2024-08-22T07:01:13.487Z", "modified_date": "2024-08-22T07:01:13.487Z", "created_by": null, "modified_by": null}}, {"model": "app.basemodel", "pk": 265, "fields": {"created_date": "2024-08-22T07:01:42.257Z", "modified_date": "2024-08-22T07:01:42.257Z", "created_by": null, "modified_by": null}}, {"model": "app.basemodel", "pk": 266, "fields": {"created_date": "2024-08-22T07:11:32.765Z", "modified_date": "2024-08-22T07:11:32.765Z", "created_by": null, "modified_by": null}}, {"model": "app.basemodel", "pk": 267, "fields": {"created_date": "2024-09-25T06:55:20.466Z", "modified_date": "2024-09-25T06:55:20.466Z", "created_by": null, "modified_by": null}}, {"model": "app.basemodel", "pk": 268, "fields": {"created_date": "2024-08-22T08:39:17.979Z", "modified_date": "2024-08-22T08:39:17.979Z", "created_by": null, "modified_by": null}}, {"model": "app.basemodel", "pk": 269, "fields": {"created_date": "2024-08-22T08:40:27.195Z", "modified_date": "2024-08-22T08:40:27.195Z", "created_by": null, "modified_by": null}}, {"model": "app.basemodel", "pk": 270, "fields": {"created_date": "2024-08-22T08:40:51.302Z", "modified_date": "2024-08-22T08:40:51.302Z", "created_by": null, "modified_by": null}}, {"model": "app.basemodel", "pk": 271, "fields": {"created_date": "2024-08-22T08:41:20.134Z", "modified_date": "2024-08-22T08:41:20.134Z", "created_by": null, "modified_by": null}}, {"model": "app.basemodel", "pk": 272, "fields": {"created_date": "2024-08-22T08:41:37.581Z", "modified_date": "2024-08-22T08:41:37.581Z", "created_by": null, "modified_by": null}}, {"model": "app.basemodel", "pk": 273, "fields": {"created_date": "2024-08-22T08:41:58.119Z", "modified_date": "2024-08-22T08:41:58.119Z", "created_by": null, "modified_by": null}}, {"model": "app.basemodel", "pk": 274, "fields": {"created_date": "2024-08-22T08:42:18.862Z", "modified_date": "2024-08-22T08:42:18.862Z", "created_by": null, "modified_by": null}}, {"model": "app.basemodel", "pk": 275, "fields": {"created_date": "2024-08-22T08:42:41.731Z", "modified_date": "2024-08-22T08:42:41.731Z", "created_by": null, "modified_by": null}}, {"model": "app.basemodel", "pk": 276, "fields": {"created_date": "2024-08-22T08:44:11.445Z", "modified_date": "2024-08-22T08:44:11.445Z", "created_by": null, "modified_by": null}}, {"model": "app.basemodel", "pk": 277, "fields": {"created_date": "2024-08-22T08:44:26.187Z", "modified_date": "2024-08-22T08:44:26.187Z", "created_by": null, "modified_by": null}}, {"model": "app.basemodel", "pk": 278, "fields": {"created_date": "2024-08-22T08:45:59.977Z", "modified_date": "2024-08-22T08:45:59.977Z", "created_by": null, "modified_by": null}}, {"model": "app.basemodel", "pk": 279, "fields": {"created_date": "2024-08-22T08:46:14.411Z", "modified_date": "2024-08-22T08:46:14.411Z", "created_by": null, "modified_by": null}}, {"model": "app.basemodel", "pk": 280, "fields": {"created_date": "2024-08-22T08:46:28.823Z", "modified_date": "2024-08-22T08:46:28.823Z", "created_by": null, "modified_by": null}}, {"model": "app.basemodel", "pk": 281, "fields": {"created_date": "2024-08-22T08:46:42.951Z", "modified_date": "2024-08-22T08:46:42.951Z", "created_by": null, "modified_by": null}}, {"model": "app.basemodel", "pk": 282, "fields": {"created_date": "2024-08-22T08:47:13.294Z", "modified_date": "2024-08-22T08:47:13.294Z", "created_by": null, "modified_by": null}}, {"model": "app.basemodel", "pk": 283, "fields": {"created_date": "2024-08-22T08:47:26.968Z", "modified_date": "2024-08-22T08:47:26.968Z", "created_by": null, "modified_by": null}}, {"model": "app.basemodel", "pk": 284, "fields": {"created_date": "2024-08-22T08:47:39.106Z", "modified_date": "2024-08-22T08:47:39.106Z", "created_by": null, "modified_by": null}}, {"model": "app.basemodel", "pk": 285, "fields": {"created_date": "2024-08-22T08:48:01.243Z", "modified_date": "2024-08-22T08:48:01.243Z", "created_by": null, "modified_by": null}}, {"model": "app.basemodel", "pk": 286, "fields": {"created_date": "2024-08-22T08:49:55.431Z", "modified_date": "2024-08-22T08:49:55.431Z", "created_by": null, "modified_by": null}}, {"model": "app.basemodel", "pk": 287, "fields": {"created_date": "2024-08-22T08:50:53.866Z", "modified_date": "2024-08-22T08:50:53.866Z", "created_by": null, "modified_by": null}}, {"model": "app.basemodel", "pk": 288, "fields": {"created_date": "2024-08-22T08:51:56.742Z", "modified_date": "2024-08-22T08:51:56.742Z", "created_by": null, "modified_by": null}}, {"model": "app.basemodel", "pk": 289, "fields": {"created_date": "2024-08-22T08:52:12.227Z", "modified_date": "2024-08-22T08:52:12.227Z", "created_by": null, "modified_by": null}}, {"model": "app.basemodel", "pk": 290, "fields": {"created_date": "2024-08-22T08:52:25.207Z", "modified_date": "2024-08-22T08:52:25.207Z", "created_by": null, "modified_by": null}}, {"model": "app.basemodel", "pk": 291, "fields": {"created_date": "2024-08-22T08:52:39.351Z", "modified_date": "2024-08-22T08:52:39.351Z", "created_by": null, "modified_by": null}}, {"model": "app.basemodel", "pk": 292, "fields": {"created_date": "2024-08-22T08:54:45.438Z", "modified_date": "2024-08-22T08:54:45.438Z", "created_by": null, "modified_by": null}}, {"model": "app.basemodel", "pk": 293, "fields": {"created_date": "2024-08-22T08:55:00.324Z", "modified_date": "2024-08-22T08:55:00.324Z", "created_by": null, "modified_by": null}}, {"model": "app.basemodel", "pk": 294, "fields": {"created_date": "2024-08-22T08:55:13.419Z", "modified_date": "2024-08-22T08:55:13.419Z", "created_by": null, "modified_by": null}}, {"model": "app.basemodel", "pk": 295, "fields": {"created_date": "2024-08-22T08:55:33.735Z", "modified_date": "2024-08-22T08:55:33.735Z", "created_by": null, "modified_by": null}}, {"model": "app.basemodel", "pk": 296, "fields": {"created_date": "2024-08-22T08:55:45.971Z", "modified_date": "2024-08-22T08:55:45.971Z", "created_by": null, "modified_by": null}}, {"model": "app.basemodel", "pk": 297, "fields": {"created_date": "2024-08-22T08:55:59.624Z", "modified_date": "2024-08-22T08:55:59.624Z", "created_by": null, "modified_by": null}}, {"model": "app.basemodel", "pk": 298, "fields": {"created_date": "2024-08-22T08:56:13.864Z", "modified_date": "2024-08-22T08:56:13.864Z", "created_by": null, "modified_by": null}}, {"model": "app.basemodel", "pk": 299, "fields": {"created_date": "2024-08-22T08:56:24.890Z", "modified_date": "2024-08-22T08:56:24.890Z", "created_by": null, "modified_by": null}}, {"model": "app.basemodel", "pk": 300, "fields": {"created_date": "2024-08-22T08:56:35.012Z", "modified_date": "2024-08-22T08:56:35.012Z", "created_by": null, "modified_by": null}}, {"model": "app.basemodel", "pk": 301, "fields": {"created_date": "2024-08-22T08:56:46.123Z", "modified_date": "2024-08-22T08:56:46.123Z", "created_by": null, "modified_by": null}}, {"model": "app.basemodel", "pk": 302, "fields": {"created_date": "2024-08-22T08:56:56.195Z", "modified_date": "2024-08-22T08:56:56.195Z", "created_by": null, "modified_by": null}}, {"model": "app.basemodel", "pk": 303, "fields": {"created_date": "2024-08-22T08:57:06.202Z", "modified_date": "2024-08-22T08:57:06.202Z", "created_by": null, "modified_by": null}}, {"model": "app.basemodel", "pk": 304, "fields": {"created_date": "2024-08-22T08:57:16.781Z", "modified_date": "2024-08-22T08:57:16.781Z", "created_by": null, "modified_by": null}}, {"model": "app.basemodel", "pk": 305, "fields": {"created_date": "2024-08-22T08:57:29.153Z", "modified_date": "2024-08-22T08:57:29.153Z", "created_by": null, "modified_by": null}}, {"model": "app.basemodel", "pk": 306, "fields": {"created_date": "2024-08-22T08:57:48.341Z", "modified_date": "2024-08-22T08:57:48.341Z", "created_by": null, "modified_by": null}}, {"model": "app.basemodel", "pk": 307, "fields": {"created_date": "2024-08-22T08:58:59.496Z", "modified_date": "2024-08-22T08:58:59.496Z", "created_by": null, "modified_by": null}}, {"model": "app.basemodel", "pk": 308, "fields": {"created_date": "2024-08-22T08:59:40.389Z", "modified_date": "2024-08-22T08:59:40.389Z", "created_by": null, "modified_by": null}}, {"model": "app.basemodel", "pk": 309, "fields": {"created_date": "2024-08-22T08:59:56.223Z", "modified_date": "2024-08-22T08:59:56.223Z", "created_by": null, "modified_by": null}}, {"model": "app.basemodel", "pk": 310, "fields": {"created_date": "2024-08-22T09:00:10.259Z", "modified_date": "2024-08-22T09:00:10.259Z", "created_by": null, "modified_by": null}}, {"model": "app.basemodel", "pk": 311, "fields": {"created_date": "2024-08-22T09:00:39.391Z", "modified_date": "2024-08-22T09:00:39.391Z", "created_by": null, "modified_by": null}}, {"model": "app.basemodel", "pk": 312, "fields": {"created_date": "2024-08-22T09:01:04.686Z", "modified_date": "2024-08-22T09:01:04.686Z", "created_by": null, "modified_by": null}}, {"model": "app.basemodel", "pk": 313, "fields": {"created_date": "2024-08-24T05:37:11.602Z", "modified_date": "2024-08-24T05:37:11.602Z", "created_by": null, "modified_by": null}}, {"model": "app.basemodel", "pk": 314, "fields": {"created_date": "2024-08-24T05:37:33.154Z", "modified_date": "2024-08-24T05:37:33.154Z", "created_by": null, "modified_by": null}}, {"model": "app.basemodel", "pk": 315, "fields": {"created_date": "2024-08-24T05:38:25.702Z", "modified_date": "2024-08-24T05:38:25.702Z", "created_by": null, "modified_by": null}}, {"model": "app.basemodel", "pk": 316, "fields": {"created_date": "2024-08-24T05:38:37.101Z", "modified_date": "2024-08-24T05:38:37.101Z", "created_by": null, "modified_by": null}}, {"model": "app.basemodel", "pk": 317, "fields": {"created_date": "2024-08-24T05:38:47.357Z", "modified_date": "2024-08-24T05:38:47.357Z", "created_by": null, "modified_by": null}}, {"model": "app.basemodel", "pk": 318, "fields": {"created_date": "2024-08-24T05:38:57.451Z", "modified_date": "2024-08-24T05:38:57.451Z", "created_by": null, "modified_by": null}}, {"model": "app.basemodel", "pk": 319, "fields": {"created_date": "2024-08-24T05:39:07.995Z", "modified_date": "2024-08-24T05:39:07.995Z", "created_by": null, "modified_by": null}}, {"model": "app.basemodel", "pk": 320, "fields": {"created_date": "2024-08-24T05:39:17.055Z", "modified_date": "2024-08-24T05:39:17.055Z", "created_by": null, "modified_by": null}}, {"model": "app.basemodel", "pk": 321, "fields": {"created_date": "2024-08-24T05:39:25.191Z", "modified_date": "2024-08-24T05:39:25.191Z", "created_by": null, "modified_by": null}}, {"model": "app.basemodel", "pk": 322, "fields": {"created_date": "2024-08-24T05:39:35.696Z", "modified_date": "2024-08-24T05:39:35.696Z", "created_by": null, "modified_by": null}}, {"model": "app.basemodel", "pk": 323, "fields": {"created_date": "2024-08-24T05:39:44.294Z", "modified_date": "2024-08-24T05:39:44.294Z", "created_by": null, "modified_by": null}}, {"model": "app.basemodel", "pk": 324, "fields": {"created_date": "2024-08-24T05:39:54.546Z", "modified_date": "2024-08-24T05:39:54.546Z", "created_by": null, "modified_by": null}}, {"model": "app.basemodel", "pk": 325, "fields": {"created_date": "2024-08-24T05:46:03.586Z", "modified_date": "2024-08-24T05:46:03.586Z", "created_by": null, "modified_by": null}}, {"model": "app.basemodel", "pk": 326, "fields": {"created_date": "2024-08-24T05:46:23.868Z", "modified_date": "2024-08-24T05:46:23.868Z", "created_by": null, "modified_by": null}}, {"model": "app.basemodel", "pk": 327, "fields": {"created_date": "2024-08-24T05:46:35.185Z", "modified_date": "2024-08-24T05:46:35.185Z", "created_by": null, "modified_by": null}}, {"model": "app.basemodel", "pk": 328, "fields": {"created_date": "2024-08-24T05:46:43.604Z", "modified_date": "2024-08-24T05:46:43.604Z", "created_by": null, "modified_by": null}}, {"model": "app.basemodel", "pk": 329, "fields": {"created_date": "2024-08-24T05:46:53.294Z", "modified_date": "2024-08-24T05:46:53.294Z", "created_by": null, "modified_by": null}}, {"model": "app.basemodel", "pk": 330, "fields": {"created_date": "2024-08-24T05:47:02.528Z", "modified_date": "2024-08-24T05:47:02.528Z", "created_by": null, "modified_by": null}}, {"model": "app.basemodel", "pk": 331, "fields": {"created_date": "2024-08-24T05:47:10.659Z", "modified_date": "2024-08-24T05:47:10.659Z", "created_by": null, "modified_by": null}}, {"model": "app.basemodel", "pk": 332, "fields": {"created_date": "2024-08-24T05:47:19.237Z", "modified_date": "2024-08-24T05:47:19.237Z", "created_by": null, "modified_by": null}}, {"model": "app.basemodel", "pk": 333, "fields": {"created_date": "2024-08-24T05:47:26.878Z", "modified_date": "2024-08-24T05:47:26.878Z", "created_by": null, "modified_by": null}}, {"model": "app.basemodel", "pk": 334, "fields": {"created_date": "2024-08-24T05:47:35.489Z", "modified_date": "2024-08-24T05:47:35.489Z", "created_by": null, "modified_by": null}}, {"model": "app.basemodel", "pk": 335, "fields": {"created_date": "2024-08-24T05:47:43.286Z", "modified_date": "2024-08-24T05:47:43.286Z", "created_by": null, "modified_by": null}}, {"model": "app.basemodel", "pk": 336, "fields": {"created_date": "2024-08-24T05:50:10.487Z", "modified_date": "2024-08-24T05:50:10.487Z", "created_by": null, "modified_by": null}}, {"model": "app.basemodel", "pk": 337, "fields": {"created_date": "2024-08-24T05:50:25.179Z", "modified_date": "2024-08-24T05:50:25.179Z", "created_by": null, "modified_by": null}}, {"model": "app.basemodel", "pk": 338, "fields": {"created_date": "2024-08-24T05:50:34.413Z", "modified_date": "2024-08-24T05:50:34.413Z", "created_by": null, "modified_by": null}}, {"model": "app.basemodel", "pk": 339, "fields": {"created_date": "2024-08-24T05:50:43.882Z", "modified_date": "2024-08-24T05:50:43.882Z", "created_by": null, "modified_by": null}}, {"model": "app.basemodel", "pk": 340, "fields": {"created_date": "2024-08-24T05:50:52.998Z", "modified_date": "2024-08-24T05:50:52.998Z", "created_by": null, "modified_by": null}}, {"model": "app.basemodel", "pk": 341, "fields": {"created_date": "2024-08-24T05:51:30.789Z", "modified_date": "2024-08-24T05:51:30.789Z", "created_by": null, "modified_by": null}}, {"model": "app.basemodel", "pk": 342, "fields": {"created_date": "2024-08-24T05:56:23.187Z", "modified_date": "2024-08-24T05:56:23.187Z", "created_by": null, "modified_by": null}}, {"model": "app.basemodel", "pk": 343, "fields": {"created_date": "2024-08-24T05:56:35.191Z", "modified_date": "2024-08-24T05:56:35.191Z", "created_by": null, "modified_by": null}}, {"model": "app.basemodel", "pk": 344, "fields": {"created_date": "2024-08-24T05:56:43.788Z", "modified_date": "2024-08-24T05:56:43.788Z", "created_by": null, "modified_by": null}}, {"model": "app.basemodel", "pk": 345, "fields": {"created_date": "2024-08-24T05:58:03.992Z", "modified_date": "2024-08-24T05:58:03.993Z", "created_by": null, "modified_by": null}}, {"model": "app.basemodel", "pk": 346, "fields": {"created_date": "2024-08-24T05:58:12.314Z", "modified_date": "2024-08-24T05:58:12.314Z", "created_by": null, "modified_by": null}}, {"model": "app.basemodel", "pk": 347, "fields": {"created_date": "2024-08-24T05:58:21.190Z", "modified_date": "2024-08-24T05:58:21.190Z", "created_by": null, "modified_by": null}}, {"model": "app.basemodel", "pk": 348, "fields": {"created_date": "2024-08-24T05:58:29.492Z", "modified_date": "2024-08-24T05:58:29.492Z", "created_by": null, "modified_by": null}}, {"model": "app.basemodel", "pk": 349, "fields": {"created_date": "2024-08-24T05:58:38.198Z", "modified_date": "2024-08-24T05:58:38.198Z", "created_by": null, "modified_by": null}}, {"model": "app.basemodel", "pk": 350, "fields": {"created_date": "2024-08-24T05:58:46.212Z", "modified_date": "2024-08-24T05:58:46.212Z", "created_by": null, "modified_by": null}}, {"model": "app.basemodel", "pk": 351, "fields": {"created_date": "2024-08-24T05:58:54.278Z", "modified_date": "2024-08-24T05:58:54.278Z", "created_by": null, "modified_by": null}}, {"model": "app.basemodel", "pk": 352, "fields": {"created_date": "2024-08-24T05:59:02.714Z", "modified_date": "2024-08-24T05:59:02.714Z", "created_by": null, "modified_by": null}}, {"model": "app.basemodel", "pk": 353, "fields": {"created_date": "2024-08-24T07:47:05.141Z", "modified_date": "2024-08-24T07:47:05.141Z", "created_by": null, "modified_by": null}}, {"model": "app.basemodel", "pk": 354, "fields": {"created_date": "2024-08-24T11:30:51.479Z", "modified_date": "2024-08-24T11:30:51.479Z", "created_by": null, "modified_by": null}}, {"model": "app.basemodel", "pk": 355, "fields": {"created_date": "2024-08-24T11:32:05.250Z", "modified_date": "2024-08-24T11:32:05.250Z", "created_by": null, "modified_by": null}}, {"model": "app.basemodel", "pk": 356, "fields": {"created_date": "2024-08-27T05:36:08.685Z", "modified_date": "2024-08-27T05:36:08.685Z", "created_by": null, "modified_by": null}}, {"model": "app.basemodel", "pk": 357, "fields": {"created_date": "2024-08-27T06:24:23.207Z", "modified_date": "2024-08-27T06:24:23.207Z", "created_by": null, "modified_by": null}}, {"model": "app.basemodel", "pk": 358, "fields": {"created_date": "2024-09-25T06:39:27.024Z", "modified_date": "2024-09-25T06:39:27.024Z", "created_by": null, "modified_by": null}}, {"model": "app.basemodel", "pk": 359, "fields": {"created_date": "2024-09-23T06:54:06.790Z", "modified_date": "2024-09-23T06:54:06.790Z", "created_by": null, "modified_by": 7}}, {"model": "app.basemodel", "pk": 360, "fields": {"created_date": "2024-09-23T06:54:06.913Z", "modified_date": "2024-09-23T06:54:06.913Z", "created_by": null, "modified_by": null}}, {"model": "app.basemodel", "pk": 361, "fields": {"created_date": "2024-09-23T06:54:06.931Z", "modified_date": "2024-09-23T06:54:06.931Z", "created_by": null, "modified_by": null}}, {"model": "app.basemodel", "pk": 362, "fields": {"created_date": "2024-09-23T06:54:06.992Z", "modified_date": "2024-09-23T06:54:06.992Z", "created_by": null, "modified_by": null}}, {"model": "app.basemodel", "pk": 363, "fields": {"created_date": "2024-09-23T06:54:07.028Z", "modified_date": "2024-09-23T06:54:07.028Z", "created_by": null, "modified_by": null}}, {"model": "app.basemodel", "pk": 364, "fields": {"created_date": "2024-09-23T06:54:13.533Z", "modified_date": "2024-09-23T06:54:13.533Z", "created_by": null, "modified_by": null}}, {"model": "app.basemodel", "pk": 365, "fields": {"created_date": "2024-09-23T06:54:13.570Z", "modified_date": "2024-09-23T06:54:13.570Z", "created_by": null, "modified_by": null}}, {"model": "app.basemodel", "pk": 366, "fields": {"created_date": "2024-09-23T06:54:13.683Z", "modified_date": "2024-09-23T06:54:13.683Z", "created_by": null, "modified_by": null}}, {"model": "app.basemodel", "pk": 367, "fields": {"created_date": "2024-09-23T06:54:13.694Z", "modified_date": "2024-09-23T06:54:13.694Z", "created_by": null, "modified_by": null}}, {"model": "app.basemodel", "pk": 368, "fields": {"created_date": "2024-09-23T06:55:14.618Z", "modified_date": "2024-09-23T06:55:14.618Z", "created_by": null, "modified_by": null}}, {"model": "app.basemodel", "pk": 369, "fields": {"created_date": "2024-09-25T06:39:09.198Z", "modified_date": "2024-09-25T06:39:09.198Z", "created_by": null, "modified_by": 3}}, {"model": "app.basemodel", "pk": 370, "fields": {"created_date": "2024-09-25T06:39:09.201Z", "modified_date": "2024-09-25T06:39:09.201Z", "created_by": null, "modified_by": null}}, {"model": "app.basemodel", "pk": 371, "fields": {"created_date": "2024-09-25T06:39:10.802Z", "modified_date": "2024-09-25T06:39:10.802Z", "created_by": null, "modified_by": null}}, {"model": "app.basemodel", "pk": 372, "fields": {"created_date": "2024-09-25T06:39:19.363Z", "modified_date": "2024-09-25T06:39:19.363Z", "created_by": null, "modified_by": null}}, {"model": "app.basemodel", "pk": 373, "fields": {"created_date": "2024-09-25T06:39:20.923Z", "modified_date": "2024-09-25T06:39:20.923Z", "created_by": null, "modified_by": null}}, {"model": "app.basemodel", "pk": 374, "fields": {"created_date": "2024-09-25T06:39:21.931Z", "modified_date": "2024-09-25T06:39:21.931Z", "created_by": null, "modified_by": null}}, {"model": "app.basemodel", "pk": 375, "fields": {"created_date": "2024-09-25T06:39:22.384Z", "modified_date": "2024-09-25T06:39:22.384Z", "created_by": null, "modified_by": null}}, {"model": "app.basemodel", "pk": 376, "fields": {"created_date": "2024-09-25T06:39:22.951Z", "modified_date": "2024-09-25T06:39:22.951Z", "created_by": null, "modified_by": null}}, {"model": "app.basemodel", "pk": 377, "fields": {"created_date": "2024-09-25T06:39:23.408Z", "modified_date": "2024-09-25T06:39:23.408Z", "created_by": null, "modified_by": null}}, {"model": "app.basemodel", "pk": 378, "fields": {"created_date": "2024-09-25T06:39:25.233Z", "modified_date": "2024-09-25T06:39:25.233Z", "created_by": null, "modified_by": null}}, {"model": "app.basemodel", "pk": 379, "fields": {"created_date": "2024-09-25T06:39:26.316Z", "modified_date": "2024-09-25T06:39:26.316Z", "created_by": null, "modified_by": null}}, {"model": "app.basemodel", "pk": 380, "fields": {"created_date": "2024-09-25T06:39:27.246Z", "modified_date": "2024-09-25T06:39:27.246Z", "created_by": null, "modified_by": null}}, {"model": "app.basemodel", "pk": 381, "fields": {"created_date": "2024-09-25T06:39:28.229Z", "modified_date": "2024-09-25T06:39:28.229Z", "created_by": null, "modified_by": null}}, {"model": "app.basemodel", "pk": 382, "fields": {"created_date": "2024-09-25T06:39:29.339Z", "modified_date": "2024-09-25T06:39:29.339Z", "created_by": null, "modified_by": null}}, {"model": "app.basemodel", "pk": 383, "fields": {"created_date": "2024-09-25T06:39:30.246Z", "modified_date": "2024-09-25T06:39:30.246Z", "created_by": null, "modified_by": null}}, {"model": "app.basemodel", "pk": 384, "fields": {"created_date": "2024-09-25T06:39:31.075Z", "modified_date": "2024-09-25T06:39:31.075Z", "created_by": null, "modified_by": null}}, {"model": "app.basemodel", "pk": 385, "fields": {"created_date": "2024-09-25T06:39:31.176Z", "modified_date": "2024-09-25T06:39:31.176Z", "created_by": null, "modified_by": null}}, {"model": "app.basemodel", "pk": 386, "fields": {"created_date": "2024-09-25T06:39:32.229Z", "modified_date": "2024-09-25T06:39:32.229Z", "created_by": null, "modified_by": null}}, {"model": "app.basemodel", "pk": 387, "fields": {"created_date": "2024-09-25T06:39:33.236Z", "modified_date": "2024-09-25T06:39:33.236Z", "created_by": null, "modified_by": null}}, {"model": "app.basemodel", "pk": 388, "fields": {"created_date": "2024-09-25T06:39:34.239Z", "modified_date": "2024-09-25T06:39:34.239Z", "created_by": null, "modified_by": null}}, {"model": "app.basemodel", "pk": 389, "fields": {"created_date": "2024-09-25T06:39:35.235Z", "modified_date": "2024-09-25T06:39:35.235Z", "created_by": null, "modified_by": null}}, {"model": "app.basemodel", "pk": 390, "fields": {"created_date": "2024-09-25T06:39:36.414Z", "modified_date": "2024-09-25T06:39:36.414Z", "created_by": null, "modified_by": null}}, {"model": "app.basemodel", "pk": 391, "fields": {"created_date": "2024-09-25T06:39:37.311Z", "modified_date": "2024-09-25T06:39:37.311Z", "created_by": null, "modified_by": null}}, {"model": "app.basemodel", "pk": 392, "fields": {"created_date": "2024-09-25T06:39:38.441Z", "modified_date": "2024-09-25T06:39:38.441Z", "created_by": null, "modified_by": null}}, {"model": "app.basemodel", "pk": 393, "fields": {"created_date": "2024-09-25T06:39:39.294Z", "modified_date": "2024-09-25T06:39:39.294Z", "created_by": null, "modified_by": null}}, {"model": "app.basemodel", "pk": 394, "fields": {"created_date": "2024-09-25T06:39:40.236Z", "modified_date": "2024-09-25T06:39:40.236Z", "created_by": null, "modified_by": null}}, {"model": "app.basemodel", "pk": 395, "fields": {"created_date": "2024-09-25T06:39:41.157Z", "modified_date": "2024-09-25T06:39:41.157Z", "created_by": null, "modified_by": null}}, {"model": "app.basemodel", "pk": 396, "fields": {"created_date": "2024-09-25T06:39:42.162Z", "modified_date": "2024-09-25T06:39:42.162Z", "created_by": null, "modified_by": null}}, {"model": "app.basemodel", "pk": 397, "fields": {"created_date": "2024-09-25T06:39:43.206Z", "modified_date": "2024-09-25T06:39:43.206Z", "created_by": null, "modified_by": null}}, {"model": "app.basemodel", "pk": 398, "fields": {"created_date": "2024-09-25T06:39:44.229Z", "modified_date": "2024-09-25T06:39:44.229Z", "created_by": null, "modified_by": null}}, {"model": "app.basemodel", "pk": 399, "fields": {"created_date": "2024-09-25T06:39:45.258Z", "modified_date": "2024-09-25T06:39:45.258Z", "created_by": null, "modified_by": null}}, {"model": "app.basemodel", "pk": 400, "fields": {"created_date": "2024-09-25T06:39:46.505Z", "modified_date": "2024-09-25T06:39:46.505Z", "created_by": null, "modified_by": null}}, {"model": "app.basemodel", "pk": 401, "fields": {"created_date": "2024-09-25T06:39:47.407Z", "modified_date": "2024-09-25T06:39:47.407Z", "created_by": null, "modified_by": null}}, {"model": "app.basemodel", "pk": 402, "fields": {"created_date": "2024-09-25T06:39:48.172Z", "modified_date": "2024-09-25T06:39:48.172Z", "created_by": null, "modified_by": null}}, {"model": "app.basemodel", "pk": 403, "fields": {"created_date": "2024-09-25T06:39:49.365Z", "modified_date": "2024-09-25T06:39:49.365Z", "created_by": null, "modified_by": null}}, {"model": "app.basemodel", "pk": 404, "fields": {"created_date": "2024-09-25T06:39:58.545Z", "modified_date": "2024-09-25T06:39:58.545Z", "created_by": null, "modified_by": null}}, {"model": "app.basemodel", "pk": 405, "fields": {"created_date": "2024-09-25T06:39:59.874Z", "modified_date": "2024-09-25T06:39:59.874Z", "created_by": null, "modified_by": null}}, {"model": "app.basemodel", "pk": 406, "fields": {"created_date": "2024-09-25T06:40:08.494Z", "modified_date": "2024-09-25T06:40:08.495Z", "created_by": null, "modified_by": null}}, {"model": "app.basemodel", "pk": 407, "fields": {"created_date": "2024-09-25T06:40:09.975Z", "modified_date": "2024-09-25T06:40:09.975Z", "created_by": null, "modified_by": null}}, {"model": "app.basemodel", "pk": 408, "fields": {"created_date": "2024-09-25T06:40:17.351Z", "modified_date": "2024-09-25T06:40:17.351Z", "created_by": null, "modified_by": null}}, {"model": "app.basemodel", "pk": 409, "fields": {"created_date": "2024-09-25T06:40:18.217Z", "modified_date": "2024-09-25T06:40:18.217Z", "created_by": null, "modified_by": null}}, {"model": "app.basemodel", "pk": 410, "fields": {"created_date": "2024-09-25T06:40:19.272Z", "modified_date": "2024-09-25T06:40:19.272Z", "created_by": null, "modified_by": null}}, {"model": "app.basemodel", "pk": 411, "fields": {"created_date": "2024-09-25T06:55:51.742Z", "modified_date": "2024-09-25T06:55:51.742Z", "created_by": null, "modified_by": null}}, {"model": "app.basemodel", "pk": 412, "fields": {"created_date": "2024-09-25T06:55:51.754Z", "modified_date": "2024-09-25T06:55:51.754Z", "created_by": null, "modified_by": null}}, {"model": "app.basemodel", "pk": 413, "fields": {"created_date": "2024-09-25T06:55:51.785Z", "modified_date": "2024-09-25T06:55:51.785Z", "created_by": null, "modified_by": null}}, {"model": "app.basemodel", "pk": 414, "fields": {"created_date": "2024-09-25T06:55:51.798Z", "modified_date": "2024-09-25T06:55:51.798Z", "created_by": null, "modified_by": null}}, {"model": "app.basemodel", "pk": 415, "fields": {"created_date": "2024-09-25T06:56:03.392Z", "modified_date": "2024-09-25T06:56:03.392Z", "created_by": null, "modified_by": null}}, {"model": "app.basemodel", "pk": 416, "fields": {"created_date": "2024-09-25T06:56:03.403Z", "modified_date": "2024-09-25T06:56:03.403Z", "created_by": null, "modified_by": null}}, {"model": "app.basemodel", "pk": 417, "fields": {"created_date": "2024-09-25T06:56:05.626Z", "modified_date": "2024-09-25T06:56:05.626Z", "created_by": null, "modified_by": null}}, {"model": "app.basemodel", "pk": 418, "fields": {"created_date": "2024-09-25T06:56:05.637Z", "modified_date": "2024-09-25T06:56:05.637Z", "created_by": null, "modified_by": null}}, {"model": "app.basemodel", "pk": 419, "fields": {"created_date": "2024-09-25T06:56:10.001Z", "modified_date": "2024-09-25T06:56:10.001Z", "created_by": null, "modified_by": null}}, {"model": "app.basemodel", "pk": 420, "fields": {"created_date": "2024-09-25T06:56:10.519Z", "modified_date": "2024-09-25T06:56:10.519Z", "created_by": null, "modified_by": null}}, {"model": "app.basemodel", "pk": 421, "fields": {"created_date": "2024-09-25T06:56:11.120Z", "modified_date": "2024-09-25T06:56:11.120Z", "created_by": null, "modified_by": null}}, {"model": "app.basemodel", "pk": 422, "fields": {"created_date": "2024-09-25T06:56:12.814Z", "modified_date": "2024-09-25T06:56:12.814Z", "created_by": null, "modified_by": null}}, {"model": "app.basemodel", "pk": 423, "fields": {"created_date": "2024-09-25T06:56:13.122Z", "modified_date": "2024-09-25T06:56:13.122Z", "created_by": null, "modified_by": null}}, {"model": "app.basemodel", "pk": 424, "fields": {"created_date": "2024-09-25T06:56:13.830Z", "modified_date": "2024-09-25T06:56:13.830Z", "created_by": null, "modified_by": null}}, {"model": "app.basemodel", "pk": 425, "fields": {"created_date": "2024-09-25T06:56:14.279Z", "modified_date": "2024-09-25T06:56:14.279Z", "created_by": null, "modified_by": null}}, {"model": "app.basemodel", "pk": 426, "fields": {"created_date": "2024-09-25T06:56:15.115Z", "modified_date": "2024-09-25T06:56:15.115Z", "created_by": null, "modified_by": null}}, {"model": "app.basemodel", "pk": 427, "fields": {"created_date": "2024-09-25T06:56:15.666Z", "modified_date": "2024-09-25T06:56:15.666Z", "created_by": null, "modified_by": null}}, {"model": "app.basemodel", "pk": 428, "fields": {"created_date": "2024-09-25T06:56:16.155Z", "modified_date": "2024-09-25T06:56:16.155Z", "created_by": null, "modified_by": null}}, {"model": "app.basemodel", "pk": 429, "fields": {"created_date": "2024-09-25T06:56:16.649Z", "modified_date": "2024-09-25T06:56:16.649Z", "created_by": null, "modified_by": null}}, {"model": "app.basemodel", "pk": 430, "fields": {"created_date": "2024-09-25T06:56:16.974Z", "modified_date": "2024-09-25T06:56:16.974Z", "created_by": null, "modified_by": null}}, {"model": "app.basemodel", "pk": 431, "fields": {"created_date": "2024-09-25T06:56:17.067Z", "modified_date": "2024-09-25T06:56:17.067Z", "created_by": null, "modified_by": null}}, {"model": "app.basemodel", "pk": 432, "fields": {"created_date": "2024-09-25T06:56:17.896Z", "modified_date": "2024-09-25T06:56:17.896Z", "created_by": null, "modified_by": null}}, {"model": "app.basemodel", "pk": 433, "fields": {"created_date": "2024-09-25T06:56:18.334Z", "modified_date": "2024-09-25T06:56:18.334Z", "created_by": null, "modified_by": null}}, {"model": "app.basemodel", "pk": 434, "fields": {"created_date": "2024-09-25T06:56:19.151Z", "modified_date": "2024-09-25T06:56:19.151Z", "created_by": null, "modified_by": null}}, {"model": "app.basemodel", "pk": 435, "fields": {"created_date": "2024-09-25T06:56:20.139Z", "modified_date": "2024-09-25T06:56:20.139Z", "created_by": null, "modified_by": null}}, {"model": "app.basemodel", "pk": 436, "fields": {"created_date": "2024-09-25T06:56:20.215Z", "modified_date": "2024-09-25T06:56:20.215Z", "created_by": null, "modified_by": null}}, {"model": "app.basemodel", "pk": 437, "fields": {"created_date": "2024-09-25T06:56:24.307Z", "modified_date": "2024-09-25T06:56:24.307Z", "created_by": null, "modified_by": null}}, {"model": "app.basemodel", "pk": 438, "fields": {"created_date": "2024-09-25T06:56:24.318Z", "modified_date": "2024-09-25T06:56:24.318Z", "created_by": null, "modified_by": null}}, {"model": "app.basemodel", "pk": 439, "fields": {"created_date": "2024-09-25T06:56:24.371Z", "modified_date": "2024-09-25T06:56:24.371Z", "created_by": null, "modified_by": null}}, {"model": "app.basemodel", "pk": 440, "fields": {"created_date": "2024-09-25T06:56:24.422Z", "modified_date": "2024-09-25T06:56:24.422Z", "created_by": null, "modified_by": null}}, {"model": "app.basemodel", "pk": 441, "fields": {"created_date": "2024-09-25T06:56:25.785Z", "modified_date": "2024-09-25T06:56:25.785Z", "created_by": null, "modified_by": null}}, {"model": "app.basemodel", "pk": 442, "fields": {"created_date": "2024-09-25T06:56:25.795Z", "modified_date": "2024-09-25T06:56:25.795Z", "created_by": null, "modified_by": null}}, {"model": "app.basemodel", "pk": 443, "fields": {"created_date": "2024-09-25T06:56:25.847Z", "modified_date": "2024-09-25T06:56:25.847Z", "created_by": null, "modified_by": null}}, {"model": "app.basemodel", "pk": 444, "fields": {"created_date": "2024-09-25T06:56:26.801Z", "modified_date": "2024-09-25T06:56:26.801Z", "created_by": null, "modified_by": null}}, {"model": "app.basemodel", "pk": 445, "fields": {"created_date": "2024-09-25T06:56:26.824Z", "modified_date": "2024-09-25T06:56:26.824Z", "created_by": null, "modified_by": null}}, {"model": "app.basemodel", "pk": 446, "fields": {"created_date": "2024-09-25T06:56:26.875Z", "modified_date": "2024-09-25T06:56:26.875Z", "created_by": null, "modified_by": null}}, {"model": "app.basemodel", "pk": 447, "fields": {"created_date": "2024-09-25T06:56:27.181Z", "modified_date": "2024-09-25T06:56:27.181Z", "created_by": null, "modified_by": null}}, {"model": "app.basemodel", "pk": 448, "fields": {"created_date": "2024-09-25T06:56:27.191Z", "modified_date": "2024-09-25T06:56:27.191Z", "created_by": null, "modified_by": null}}, {"model": "app.basemodel", "pk": 449, "fields": {"created_date": "2024-09-25T06:56:28.107Z", "modified_date": "2024-09-25T06:56:28.107Z", "created_by": null, "modified_by": null}}, {"model": "app.basemodel", "pk": 450, "fields": {"created_date": "2024-09-25T06:56:28.928Z", "modified_date": "2024-09-25T06:56:28.928Z", "created_by": null, "modified_by": null}}, {"model": "app.basemodel", "pk": 451, "fields": {"created_date": "2024-09-25T06:56:29.395Z", "modified_date": "2024-09-25T06:56:29.395Z", "created_by": null, "modified_by": null}}, {"model": "app.basemodel", "pk": 452, "fields": {"created_date": "2024-09-25T06:56:30.143Z", "modified_date": "2024-09-25T06:56:30.143Z", "created_by": null, "modified_by": null}}, {"model": "app.basemodel", "pk": 453, "fields": {"created_date": "2024-09-25T06:56:30.197Z", "modified_date": "2024-09-25T06:56:30.197Z", "created_by": null, "modified_by": null}}, {"model": "app.basemodel", "pk": 454, "fields": {"created_date": "2024-09-25T06:56:30.584Z", "modified_date": "2024-09-25T06:56:30.584Z", "created_by": null, "modified_by": null}}, {"model": "app.basemodel", "pk": 455, "fields": {"created_date": "2024-09-25T06:56:31.120Z", "modified_date": "2024-09-25T06:56:31.120Z", "created_by": null, "modified_by": null}}, {"model": "app.basemodel", "pk": 456, "fields": {"created_date": "2024-09-25T06:56:31.730Z", "modified_date": "2024-09-25T06:56:31.730Z", "created_by": null, "modified_by": null}}, {"model": "app.basemodel", "pk": 457, "fields": {"created_date": "2024-09-25T06:56:32.374Z", "modified_date": "2024-09-25T06:56:32.374Z", "created_by": null, "modified_by": null}}, {"model": "app.basemodel", "pk": 458, "fields": {"created_date": "2024-09-25T06:56:33.271Z", "modified_date": "2024-09-25T06:56:33.271Z", "created_by": null, "modified_by": null}}, {"model": "app.basemodel", "pk": 459, "fields": {"created_date": "2024-09-25T06:56:33.735Z", "modified_date": "2024-09-25T06:56:33.735Z", "created_by": null, "modified_by": null}}, {"model": "app.basemodel", "pk": 460, "fields": {"created_date": "2024-09-25T06:56:33.970Z", "modified_date": "2024-09-25T06:56:33.970Z", "created_by": null, "modified_by": null}}, {"model": "app.basemodel", "pk": 461, "fields": {"created_date": "2024-09-25T06:56:34.400Z", "modified_date": "2024-09-25T06:56:34.400Z", "created_by": null, "modified_by": null}}, {"model": "app.basemodel", "pk": 462, "fields": {"created_date": "2024-09-25T06:56:34.830Z", "modified_date": "2024-09-25T06:56:34.830Z", "created_by": null, "modified_by": null}}, {"model": "app.basemodel", "pk": 463, "fields": {"created_date": "2024-09-25T06:56:35.217Z", "modified_date": "2024-09-25T06:56:35.217Z", "created_by": null, "modified_by": null}}, {"model": "app.basemodel", "pk": 464, "fields": {"created_date": "2024-09-25T06:56:35.269Z", "modified_date": "2024-09-25T06:56:35.269Z", "created_by": null, "modified_by": null}}, {"model": "app.basemodel", "pk": 465, "fields": {"created_date": "2024-09-25T06:56:35.699Z", "modified_date": "2024-09-25T06:56:35.699Z", "created_by": null, "modified_by": null}}, {"model": "app.basemodel", "pk": 466, "fields": {"created_date": "2024-09-25T06:56:36.096Z", "modified_date": "2024-09-25T06:56:36.096Z", "created_by": null, "modified_by": null}}, {"model": "app.basemodel", "pk": 467, "fields": {"created_date": "2024-09-25T06:56:36.366Z", "modified_date": "2024-09-25T06:56:36.366Z", "created_by": null, "modified_by": null}}, {"model": "app.basemodel", "pk": 468, "fields": {"created_date": "2024-09-25T06:56:36.763Z", "modified_date": "2024-09-25T06:56:36.763Z", "created_by": null, "modified_by": null}}, {"model": "app.basemodel", "pk": 469, "fields": {"created_date": "2024-09-25T06:56:37.107Z", "modified_date": "2024-09-25T06:56:37.107Z", "created_by": null, "modified_by": null}}, {"model": "app.basemodel", "pk": 470, "fields": {"created_date": "2024-09-25T06:56:37.397Z", "modified_date": "2024-09-25T06:56:37.397Z", "created_by": null, "modified_by": null}}, {"model": "app.basemodel", "pk": 471, "fields": {"created_date": "2024-09-25T06:56:37.875Z", "modified_date": "2024-09-25T06:56:37.875Z", "created_by": null, "modified_by": null}}, {"model": "app.basemodel", "pk": 472, "fields": {"created_date": "2024-09-25T06:56:38.116Z", "modified_date": "2024-09-25T06:56:38.116Z", "created_by": null, "modified_by": null}}, {"model": "app.basemodel", "pk": 473, "fields": {"created_date": "2024-09-25T06:56:38.521Z", "modified_date": "2024-09-25T06:56:38.521Z", "created_by": null, "modified_by": null}}, {"model": "app.basemodel", "pk": 474, "fields": {"created_date": "2024-09-25T06:56:38.963Z", "modified_date": "2024-09-25T06:56:38.963Z", "created_by": null, "modified_by": null}}, {"model": "app.basemodel", "pk": 475, "fields": {"created_date": "2024-09-25T06:56:39.134Z", "modified_date": "2024-09-25T06:56:39.134Z", "created_by": null, "modified_by": null}}, {"model": "app.basemodel", "pk": 476, "fields": {"created_date": "2024-09-25T06:56:39.618Z", "modified_date": "2024-09-25T06:56:39.618Z", "created_by": null, "modified_by": null}}, {"model": "app.basemodel", "pk": 477, "fields": {"created_date": "2024-09-25T06:56:40.144Z", "modified_date": "2024-09-25T06:56:40.144Z", "created_by": null, "modified_by": null}}, {"model": "app.basemodel", "pk": 478, "fields": {"created_date": "2024-09-25T06:56:40.744Z", "modified_date": "2024-09-25T06:56:40.744Z", "created_by": null, "modified_by": null}}, {"model": "app.basemodel", "pk": 479, "fields": {"created_date": "2024-09-25T06:56:41.201Z", "modified_date": "2024-09-25T06:56:41.201Z", "created_by": null, "modified_by": null}}, {"model": "app.basemodel", "pk": 480, "fields": {"created_date": "2024-09-25T06:56:41.212Z", "modified_date": "2024-09-25T06:56:41.212Z", "created_by": null, "modified_by": null}}, {"model": "app.basemodel", "pk": 481, "fields": {"created_date": "2024-09-25T06:56:41.686Z", "modified_date": "2024-09-25T06:56:41.686Z", "created_by": null, "modified_by": null}}, {"model": "app.basemodel", "pk": 482, "fields": {"created_date": "2024-09-25T06:56:42.111Z", "modified_date": "2024-09-25T06:56:42.111Z", "created_by": null, "modified_by": null}}, {"model": "app.basemodel", "pk": 483, "fields": {"created_date": "2024-09-25T06:56:42.787Z", "modified_date": "2024-09-25T06:56:42.787Z", "created_by": null, "modified_by": null}}, {"model": "app.basemodel", "pk": 484, "fields": {"created_date": "2024-09-25T06:56:43.213Z", "modified_date": "2024-09-25T06:56:43.213Z", "created_by": null, "modified_by": null}}, {"model": "app.basemodel", "pk": 485, "fields": {"created_date": "2024-09-25T06:56:43.846Z", "modified_date": "2024-09-25T06:56:43.846Z", "created_by": null, "modified_by": null}}, {"model": "app.basemodel", "pk": 486, "fields": {"created_date": "2024-09-25T06:56:52.503Z", "modified_date": "2024-09-25T06:56:52.503Z", "created_by": null, "modified_by": null}}, {"model": "app.basemodel", "pk": 487, "fields": {"created_date": "2024-09-25T06:58:02.460Z", "modified_date": "2024-09-25T06:58:02.460Z", "created_by": null, "modified_by": null}}, {"model": "app.basemodel", "pk": 488, "fields": {"created_date": "2024-09-25T06:58:02.534Z", "modified_date": "2024-09-25T06:58:02.534Z", "created_by": null, "modified_by": null}}, {"model": "app.basemodel", "pk": 489, "fields": {"created_date": "2024-09-25T06:58:02.543Z", "modified_date": "2024-09-25T06:58:02.543Z", "created_by": null, "modified_by": null}}, {"model": "app.basemodel", "pk": 490, "fields": {"created_date": "2024-09-25T06:58:02.636Z", "modified_date": "2024-09-25T06:58:02.636Z", "created_by": null, "modified_by": null}}, {"model": "app.basemodel", "pk": 491, "fields": {"created_date": "2024-09-25T06:58:02.799Z", "modified_date": "2024-09-25T06:58:02.799Z", "created_by": null, "modified_by": null}}, {"model": "app.basemodel", "pk": 492, "fields": {"created_date": "2024-09-25T06:58:02.908Z", "modified_date": "2024-09-25T06:58:02.908Z", "created_by": null, "modified_by": null}}, {"model": "app.basemodel", "pk": 493, "fields": {"created_date": "2024-09-25T07:18:08.026Z", "modified_date": "2024-09-25T07:18:08.026Z", "created_by": null, "modified_by": null}}, {"model": "app.basemodel", "pk": 494, "fields": {"created_date": "2024-09-25T07:18:08.037Z", "modified_date": "2024-09-25T07:18:08.037Z", "created_by": null, "modified_by": null}}, {"model": "app.basemodel", "pk": 495, "fields": {"created_date": "2024-09-25T07:18:09.173Z", "modified_date": "2024-09-25T07:18:09.173Z", "created_by": null, "modified_by": null}}, {"model": "app.basemodel", "pk": 496, "fields": {"created_date": "2024-09-25T07:18:10.244Z", "modified_date": "2024-09-25T07:18:10.244Z", "created_by": null, "modified_by": null}}, {"model": "app.basemodel", "pk": 497, "fields": {"created_date": "2024-09-25T07:19:08.840Z", "modified_date": "2024-09-25T07:19:08.840Z", "created_by": null, "modified_by": null}}, {"model": "app.basemodel", "pk": 498, "fields": {"created_date": "2024-09-25T07:20:09.516Z", "modified_date": "2024-09-25T07:20:09.516Z", "created_by": null, "modified_by": null}}, {"model": "app.basemodel", "pk": 499, "fields": {"created_date": "2024-09-25T07:21:10.212Z", "modified_date": "2024-09-25T07:21:10.212Z", "created_by": null, "modified_by": null}}, {"model": "app.basemodel", "pk": 500, "fields": {"created_date": "2024-09-25T07:22:10.911Z", "modified_date": "2024-09-25T07:22:10.911Z", "created_by": null, "modified_by": null}}, {"model": "app.basemodel", "pk": 501, "fields": {"created_date": "2024-09-25T07:23:11.620Z", "modified_date": "2024-09-25T07:23:11.620Z", "created_by": null, "modified_by": null}}, {"model": "app.basemodel", "pk": 502, "fields": {"created_date": "2024-09-25T07:23:17.530Z", "modified_date": "2024-09-25T07:23:17.530Z", "created_by": null, "modified_by": null}}, {"model": "app.basemodel", "pk": 503, "fields": {"created_date": "2024-09-25T07:24:18.215Z", "modified_date": "2024-09-25T07:24:18.215Z", "created_by": null, "modified_by": null}}, {"model": "app.basemodel", "pk": 504, "fields": {"created_date": "2024-09-25T07:25:18.941Z", "modified_date": "2024-09-25T07:25:18.941Z", "created_by": null, "modified_by": null}}, {"model": "app.basemodel", "pk": 505, "fields": {"created_date": "2024-09-25T07:26:19.656Z", "modified_date": "2024-09-25T07:26:19.656Z", "created_by": null, "modified_by": null}}, {"model": "app.basemodel", "pk": 506, "fields": {"created_date": "2024-09-25T07:26:25.531Z", "modified_date": "2024-09-25T07:26:25.531Z", "created_by": null, "modified_by": null}}, {"model": "app.basemodel", "pk": 507, "fields": {"created_date": "2024-09-25T07:27:26.241Z", "modified_date": "2024-09-25T07:27:26.241Z", "created_by": null, "modified_by": null}}, {"model": "app.basemodel", "pk": 508, "fields": {"created_date": "2024-09-25T07:28:26.906Z", "modified_date": "2024-09-25T07:28:26.907Z", "created_by": null, "modified_by": null}}, {"model": "app.basemodel", "pk": 509, "fields": {"created_date": "2024-09-25T07:29:27.561Z", "modified_date": "2024-09-25T07:29:27.561Z", "created_by": null, "modified_by": null}}, {"model": "app.basemodel", "pk": 510, "fields": {"created_date": "2024-09-25T07:30:28.240Z", "modified_date": "2024-09-25T07:30:28.240Z", "created_by": null, "modified_by": null}}, {"model": "app.basemodel", "pk": 511, "fields": {"created_date": "2024-09-25T07:31:28.886Z", "modified_date": "2024-09-25T07:31:28.886Z", "created_by": null, "modified_by": null}}, {"model": "app.basemodel", "pk": 512, "fields": {"created_date": "2024-09-25T07:32:29.558Z", "modified_date": "2024-09-25T07:32:29.558Z", "created_by": null, "modified_by": null}}, {"model": "app.basemodel", "pk": 513, "fields": {"created_date": "2024-09-25T07:33:30.252Z", "modified_date": "2024-09-25T07:33:30.252Z", "created_by": null, "modified_by": null}}, {"model": "app.basemodel", "pk": 514, "fields": {"created_date": "2024-09-25T07:34:30.983Z", "modified_date": "2024-09-25T07:34:30.983Z", "created_by": null, "modified_by": null}}, {"model": "app.basemodel", "pk": 515, "fields": {"created_date": "2024-09-25T07:38:33.923Z", "modified_date": "2024-09-25T07:38:33.923Z", "created_by": null, "modified_by": null}}, {"model": "app.basemodel", "pk": 516, "fields": {"created_date": "2024-09-25T07:38:34.901Z", "modified_date": "2024-09-25T07:38:34.901Z", "created_by": null, "modified_by": null}}, {"model": "app.basemodel", "pk": 517, "fields": {"created_date": "2024-09-25T07:38:39.771Z", "modified_date": "2024-09-25T07:38:39.771Z", "created_by": null, "modified_by": null}}, {"model": "app.basemodel", "pk": 518, "fields": {"created_date": "2024-09-25T07:39:40.527Z", "modified_date": "2024-09-25T07:39:40.527Z", "created_by": null, "modified_by": null}}, {"model": "app.basemodel", "pk": 519, "fields": {"created_date": "2024-09-25T07:40:41.186Z", "modified_date": "2024-09-25T07:40:41.186Z", "created_by": null, "modified_by": null}}, {"model": "app.basemodel", "pk": 520, "fields": {"created_date": "2024-09-25T07:41:41.902Z", "modified_date": "2024-09-25T07:41:41.902Z", "created_by": null, "modified_by": null}}, {"model": "app.basemodel", "pk": 521, "fields": {"created_date": "2024-09-25T07:42:42.569Z", "modified_date": "2024-09-25T07:42:42.569Z", "created_by": null, "modified_by": null}}, {"model": "app.basemodel", "pk": 522, "fields": {"created_date": "2024-09-25T07:43:43.255Z", "modified_date": "2024-09-25T07:43:43.255Z", "created_by": null, "modified_by": null}}, {"model": "app.basemodel", "pk": 523, "fields": {"created_date": "2024-09-25T07:44:44.016Z", "modified_date": "2024-09-25T07:44:44.016Z", "created_by": null, "modified_by": null}}, {"model": "app.basemodel", "pk": 524, "fields": {"created_date": "2024-09-25T07:46:45.366Z", "modified_date": "2024-09-25T07:46:45.366Z", "created_by": null, "modified_by": null}}, {"model": "app.unit", "pk": 2, "fields": {"unit_code": "E12", "abbreviation": null, "description": "Police Regional Office 11"}}, {"model": "app.rank", "pk": 4, "fields": {"rank_code": "Pat", "description": "Patrolman / Patrolwoman"}}, {"model": "app.rank", "pk": 246, "fields": {"rank_code": "PCpl", "description": "Police Corporal"}}, {"model": "app.rank", "pk": 247, "fields": {"rank_code": "PSSg", "description": "Police Staff Sergeant"}}, {"model": "app.rank", "pk": 248, "fields": {"rank_code": "PMSg", "description": "Police Master Sergeant"}}, {"model": "app.rank", "pk": 249, "fields": {"rank_code": "PSMS", "description": "Police Senior Master Sergeant"}}, {"model": "app.rank", "pk": 250, "fields": {"rank_code": "PCMS", "description": "Police Chief Master Sergeant"}}, {"model": "app.rank", "pk": 251, "fields": {"rank_code": "PEMS", "description": "Police Executive Master Sergeant"}}, {"model": "app.rank", "pk": 252, "fields": {"rank_code": "PLT", "description": "Police Lieutenant"}}, {"model": "app.rank", "pk": 253, "fields": {"rank_code": "PCPT", "description": "Police Captain"}}, {"model": "app.rank", "pk": 254, "fields": {"rank_code": "PMAJ", "description": "Police Major"}}, {"model": "app.rank", "pk": 255, "fields": {"rank_code": "PLTCOL", "description": "Police Lieutenant Colonel"}}, {"model": "app.rank", "pk": 256, "fields": {"rank_code": "PCOL", "description": "Police Colonel"}}, {"model": "app.person", "pk": 267, "fields": {"account_number": null, "full_name": "APERONG, RICKY TIMBAN", "person_unit": 2, "person_rank": 247, "person_station": 281, "person_sub_unit": 257, "email": "aperong@gmail.com"}}, {"model": "app.person", "pk": 353, "fields": {"account_number": null, "full_name": "GOLPE, ARNEL PERALTA", "person_unit": 2, "person_rank": 247, "person_station": 292, "person_sub_unit": 260, "email": "arnel.golpe@pnp.gov.ph"}}, {"model": "app.person", "pk": 354, "fields": {"account_number": null, "full_name": "GALEOS, CYLDRICK ARELLANO", "person_unit": 2, "person_rank": 247, "person_station": 293, "person_sub_unit": 260, "email": "cagaleos@gmail.com"}}, {"model": "app.person", "pk": 355, "fields": {"account_number": null, "full_name": "CELORICO, ALVIN PEPITO", "person_unit": 2, "person_rank": 246, "person_station": 281, "person_sub_unit": 261, "email": "cyborj05@gmail.com"}}, {"model": "app.person", "pk": 358, "fields": {"account_number": null, "full_name": "James Vincent L Bueza", "person_unit": 2, "person_rank": 4, "person_station": 281, "person_sub_unit": 260, "email": "testing2@gmail.com"}}, {"model": "app.pathtrace", "pk": 360, "fields": {"persons": 267, "lat": "7.13481169104682", "lng": "125.61611983605626", "datetime": "2024-09-23T06:54:06.913Z"}}, {"model": "app.pathtrace", "pk": 361, "fields": {"persons": 267, "lat": "7.13481169104682", "lng": "125.61611983605626", "datetime": "2024-09-23T06:54:06.931Z"}}, {"model": "app.pathtrace", "pk": 362, "fields": {"persons": 267, "lat": "7.134811689814099", "lng": "125.61611983468666", "datetime": "2024-09-23T06:54:06.992Z"}}, {"model": "app.pathtrace", "pk": 363, "fields": {"persons": 267, "lat": "7.134811690333469", "lng": "125.61611983526866", "datetime": "2024-09-23T06:54:07.027Z"}}, {"model": "app.pathtrace", "pk": 364, "fields": {"persons": 267, "lat": "7.134811690410865", "lng": "125.61611983535505", "datetime": "2024-09-23T06:54:13.532Z"}}, {"model": "app.pathtrace", "pk": 365, "fields": {"persons": 267, "lat": "7.134811690410865", "lng": "125.61611983535505", "datetime": "2024-09-23T06:54:13.570Z"}}, {"model": "app.pathtrace", "pk": 366, "fields": {"persons": 267, "lat": "7.134811690508189", "lng": "125.61611983546462", "datetime": "2024-09-23T06:54:13.683Z"}}, {"model": "app.pathtrace", "pk": 367, "fields": {"persons": 267, "lat": "7.134811690504265", "lng": "125.6161198354602", "datetime": "2024-09-23T06:54:13.693Z"}}, {"model": "app.pathtrace", "pk": 368, "fields": {"persons": 267, "lat": "7.134857367316472", "lng": "125.6161280984824", "datetime": "2024-09-23T06:55:14.617Z"}}, {"model": "app.pathtrace", "pk": 370, "fields": {"persons": 358, "lat": "7.131624", "lng": "125.6360484", "datetime": "2024-09-25T06:39:09.201Z"}}, {"model": "app.pathtrace", "pk": 371, "fields": {"persons": 358, "lat": "7.131626", "lng": "125.6360441", "datetime": "2024-09-25T06:39:10.802Z"}}, {"model": "app.pathtrace", "pk": 372, "fields": {"persons": 358, "lat": "7.131661", "lng": "125.6360358", "datetime": "2024-09-25T06:39:19.362Z"}}, {"model": "app.pathtrace", "pk": 373, "fields": {"persons": 358, "lat": "7.131663", "lng": "125.6360364", "datetime": "2024-09-25T06:39:20.923Z"}}, {"model": "app.pathtrace", "pk": 374, "fields": {"persons": 358, "lat": "7.1316269", "lng": "125.6360584", "datetime": "2024-09-25T06:39:21.931Z"}}, {"model": "app.pathtrace", "pk": 375, "fields": {"persons": 358, "lat": "7.1316155", "lng": "125.6360614", "datetime": "2024-09-25T06:39:22.384Z"}}, {"model": "app.pathtrace", "pk": 376, "fields": {"persons": 358, "lat": "7.1316108", "lng": "125.6360613", "datetime": "2024-09-25T06:39:22.950Z"}}, {"model": "app.pathtrace", "pk": 377, "fields": {"persons": 358, "lat": "7.131607", "lng": "125.63606", "datetime": "2024-09-25T06:39:23.408Z"}}, {"model": "app.pathtrace", "pk": 378, "fields": {"persons": 358, "lat": "7.1316275", "lng": "125.636044", "datetime": "2024-09-25T06:39:25.233Z"}}, {"model": "app.pathtrace", "pk": 379, "fields": {"persons": 358, "lat": "7.1316335", "lng": "125.6360393", "datetime": "2024-09-25T06:39:26.316Z"}}, {"model": "app.pathtrace", "pk": 380, "fields": {"persons": 358, "lat": "7.1316363", "lng": "125.6360372", "datetime": "2024-09-25T06:39:27.246Z"}}, {"model": "app.pathtrace", "pk": 381, "fields": {"persons": 358, "lat": "7.1316382", "lng": "125.6360364", "datetime": "2024-09-25T06:39:28.229Z"}}, {"model": "app.pathtrace", "pk": 382, "fields": {"persons": 358, "lat": "7.1316396", "lng": "125.6360361", "datetime": "2024-09-25T06:39:29.339Z"}}, {"model": "app.pathtrace", "pk": 383, "fields": {"persons": 358, "lat": "7.1316233", "lng": "125.6360494", "datetime": "2024-09-25T06:39:30.246Z"}}, {"model": "app.pathtrace", "pk": 384, "fields": {"persons": 358, "lat": "7.1316174", "lng": "125.6360543", "datetime": "2024-09-25T06:39:31.074Z"}}, {"model": "app.pathtrace", "pk": 385, "fields": {"persons": 358, "lat": "7.1315765", "lng": "125.6360761", "datetime": "2024-09-25T06:39:31.175Z"}}, {"model": "app.pathtrace", "pk": 386, "fields": {"persons": 358, "lat": "7.1315609", "lng": "125.6360844", "datetime": "2024-09-25T06:39:32.229Z"}}, {"model": "app.pathtrace", "pk": 387, "fields": {"persons": 358, "lat": "7.1315575", "lng": "125.6360862", "datetime": "2024-09-25T06:39:33.235Z"}}, {"model": "app.pathtrace", "pk": 388, "fields": {"persons": 358, "lat": "7.1315648", "lng": "125.6360283", "datetime": "2024-09-25T06:39:34.238Z"}}, {"model": "app.pathtrace", "pk": 389, "fields": {"persons": 358, "lat": "7.1315663", "lng": "125.6360163", "datetime": "2024-09-25T06:39:35.235Z"}}, {"model": "app.pathtrace", "pk": 390, "fields": {"persons": 358, "lat": "7.1315666", "lng": "125.6360139", "datetime": "2024-09-25T06:39:36.414Z"}}, {"model": "app.pathtrace", "pk": 391, "fields": {"persons": 358, "lat": "7.1315667", "lng": "125.6360134", "datetime": "2024-09-25T06:39:37.310Z"}}, {"model": "app.pathtrace", "pk": 392, "fields": {"persons": 358, "lat": "7.1315667", "lng": "125.6360133", "datetime": "2024-09-25T06:39:38.441Z"}}, {"model": "app.pathtrace", "pk": 393, "fields": {"persons": 358, "lat": "7.1315667", "lng": "125.6360133", "datetime": "2024-09-25T06:39:39.294Z"}}, {"model": "app.pathtrace", "pk": 394, "fields": {"persons": 358, "lat": "7.1315667", "lng": "125.6360133", "datetime": "2024-09-25T06:39:40.236Z"}}, {"model": "app.pathtrace", "pk": 395, "fields": {"persons": 358, "lat": "7.1315667", "lng": "125.6360133", "datetime": "2024-09-25T06:39:41.157Z"}}, {"model": "app.pathtrace", "pk": 396, "fields": {"persons": 358, "lat": "7.1315732", "lng": "125.6360604", "datetime": "2024-09-25T06:39:42.161Z"}}, {"model": "app.pathtrace", "pk": 397, "fields": {"persons": 358, "lat": "7.1315747", "lng": "125.6360707", "datetime": "2024-09-25T06:39:43.205Z"}}, {"model": "app.pathtrace", "pk": 398, "fields": {"persons": 358, "lat": "7.1315749", "lng": "125.6360728", "datetime": "2024-09-25T06:39:44.229Z"}}, {"model": "app.pathtrace", "pk": 399, "fields": {"persons": 358, "lat": "7.131575", "lng": "125.6360732", "datetime": "2024-09-25T06:39:45.258Z"}}, {"model": "app.pathtrace", "pk": 400, "fields": {"persons": 358, "lat": "7.131575", "lng": "125.6360733", "datetime": "2024-09-25T06:39:46.504Z"}}, {"model": "app.pathtrace", "pk": 401, "fields": {"persons": 358, "lat": "7.131575", "lng": "125.6360733", "datetime": "2024-09-25T06:39:47.407Z"}}, {"model": "app.pathtrace", "pk": 402, "fields": {"persons": 358, "lat": "7.131575", "lng": "125.6360733", "datetime": "2024-09-25T06:39:48.172Z"}}, {"model": "app.pathtrace", "pk": 403, "fields": {"persons": 358, "lat": "7.1316251", "lng": "125.6361448", "datetime": "2024-09-25T06:39:49.364Z"}}, {"model": "app.pathtrace", "pk": 404, "fields": {"persons": 358, "lat": "7.1316348", "lng": "125.6361595", "datetime": "2024-09-25T06:39:58.545Z"}}, {"model": "app.pathtrace", "pk": 405, "fields": {"persons": 358, "lat": "7.1316567", "lng": "125.6360681", "datetime": "2024-09-25T06:39:59.873Z"}}, {"model": "app.pathtrace", "pk": 406, "fields": {"persons": 358, "lat": "7.1316535", "lng": "125.6360442", "datetime": "2024-09-25T06:40:08.494Z"}}, {"model": "app.pathtrace", "pk": 407, "fields": {"persons": 358, "lat": "7.131656", "lng": "125.6360478", "datetime": "2024-09-25T06:40:09.975Z"}}, {"model": "app.pathtrace", "pk": 408, "fields": {"persons": 358, "lat": "7.1316018", "lng": "125.6361166", "datetime": "2024-09-25T06:40:17.351Z"}}, {"model": "app.pathtrace", "pk": 409, "fields": {"persons": 358, "lat": "7.1316012", "lng": "125.6361141", "datetime": "2024-09-25T06:40:18.216Z"}}, {"model": "app.pathtrace", "pk": 410, "fields": {"persons": 358, "lat": "7.1315929", "lng": "125.6361164", "datetime": "2024-09-25T06:40:19.272Z"}}, {"model": "app.pathtrace", "pk": 411, "fields": {"persons": 267, "lat": "7.131547345246437", "lng": "125.63615303815712", "datetime": "2024-09-25T06:55:51.742Z"}}, {"model": "app.pathtrace", "pk": 412, "fields": {"persons": 267, "lat": "7.131547345246437", "lng": "125.63615303815712", "datetime": "2024-09-25T06:55:51.753Z"}}, {"model": "app.pathtrace", "pk": 413, "fields": {"persons": 267, "lat": "7.131547367247573", "lng": "125.63615304269412", "datetime": "2024-09-25T06:55:51.785Z"}}, {"model": "app.pathtrace", "pk": 414, "fields": {"persons": 267, "lat": "7.131547365325223", "lng": "125.63615304169417", "datetime": "2024-09-25T06:55:51.797Z"}}, {"model": "app.pathtrace", "pk": 415, "fields": {"persons": 358, "lat": "7.131638", "lng": "125.6361005", "datetime": "2024-09-25T06:56:03.392Z"}}, {"model": "app.pathtrace", "pk": 416, "fields": {"persons": 358, "lat": "7.131638", "lng": "125.6361005", "datetime": "2024-09-25T06:56:03.403Z"}}, {"model": "app.pathtrace", "pk": 417, "fields": {"persons": 358, "lat": "7.1316442", "lng": "125.6360436", "datetime": "2024-09-25T06:56:05.626Z"}}, {"model": "app.pathtrace", "pk": 418, "fields": {"persons": 358, "lat": "7.1316442", "lng": "125.6360436", "datetime": "2024-09-25T06:56:05.637Z"}}, {"model": "app.pathtrace", "pk": 419, "fields": {"persons": 358, "lat": "7.131646", "lng": "125.6360459", "datetime": "2024-09-25T06:56:10.001Z"}}, {"model": "app.pathtrace", "pk": 420, "fields": {"persons": 358, "lat": "7.1316463", "lng": "125.636046", "datetime": "2024-09-25T06:56:10.519Z"}}, {"model": "app.pathtrace", "pk": 421, "fields": {"persons": 358, "lat": "7.1316511", "lng": "125.6360502", "datetime": "2024-09-25T06:56:11.119Z"}}, {"model": "app.pathtrace", "pk": 422, "fields": {"persons": 358, "lat": "7.1316579", "lng": "125.6360563", "datetime": "2024-09-25T06:56:12.814Z"}}, {"model": "app.pathtrace", "pk": 423, "fields": {"persons": 358, "lat": "7.1316546", "lng": "125.6360587", "datetime": "2024-09-25T06:56:13.122Z"}}, {"model": "app.pathtrace", "pk": 424, "fields": {"persons": 358, "lat": "7.1316505", "lng": "125.636061", "datetime": "2024-09-25T06:56:13.830Z"}}, {"model": "app.pathtrace", "pk": 425, "fields": {"persons": 358, "lat": "7.131648", "lng": "125.6360618", "datetime": "2024-09-25T06:56:14.278Z"}}, {"model": "app.pathtrace", "pk": 426, "fields": {"persons": 358, "lat": "7.1316449", "lng": "125.6360634", "datetime": "2024-09-25T06:56:15.115Z"}}, {"model": "app.pathtrace", "pk": 427, "fields": {"persons": 358, "lat": "7.1316447", "lng": "125.6360637", "datetime": "2024-09-25T06:56:15.666Z"}}, {"model": "app.pathtrace", "pk": 428, "fields": {"persons": 358, "lat": "7.1316439", "lng": "125.6360455", "datetime": "2024-09-25T06:56:16.154Z"}}, {"model": "app.pathtrace", "pk": 429, "fields": {"persons": 358, "lat": "7.1316454", "lng": "125.6360315", "datetime": "2024-09-25T06:56:16.649Z"}}, {"model": "app.pathtrace", "pk": 430, "fields": {"persons": 358, "lat": "7.131644", "lng": "125.636031", "datetime": "2024-09-25T06:56:16.974Z"}}, {"model": "app.pathtrace", "pk": 431, "fields": {"persons": 358, "lat": "7.1316434", "lng": "125.6360306", "datetime": "2024-09-25T06:56:17.067Z"}}, {"model": "app.pathtrace", "pk": 432, "fields": {"persons": 358, "lat": "7.1316439", "lng": "125.6360263", "datetime": "2024-09-25T06:56:17.896Z"}}, {"model": "app.pathtrace", "pk": 433, "fields": {"persons": 358, "lat": "7.1316461", "lng": "125.6360245", "datetime": "2024-09-25T06:56:18.334Z"}}, {"model": "app.pathtrace", "pk": 434, "fields": {"persons": 358, "lat": "7.1316484", "lng": "125.6360199", "datetime": "2024-09-25T06:56:19.150Z"}}, {"model": "app.pathtrace", "pk": 435, "fields": {"persons": 358, "lat": "7.1316472", "lng": "125.6360152", "datetime": "2024-09-25T06:56:20.138Z"}}, {"model": "app.pathtrace", "pk": 436, "fields": {"persons": 358, "lat": "7.1316452", "lng": "125.6360176", "datetime": "2024-09-25T06:56:20.215Z"}}, {"model": "app.pathtrace", "pk": 437, "fields": {"persons": 358, "lat": "7.131641", "lng": "125.6360232", "datetime": "2024-09-25T06:56:24.307Z"}}, {"model": "app.pathtrace", "pk": 438, "fields": {"persons": 358, "lat": "7.1316411", "lng": "125.6360268", "datetime": "2024-09-25T06:56:24.318Z"}}, {"model": "app.pathtrace", "pk": 439, "fields": {"persons": 358, "lat": "7.1316412", "lng": "125.6360291", "datetime": "2024-09-25T06:56:24.371Z"}}, {"model": "app.pathtrace", "pk": 440, "fields": {"persons": 358, "lat": "7.1316415", "lng": "125.6360338", "datetime": "2024-09-25T06:56:24.422Z"}}, {"model": "app.pathtrace", "pk": 441, "fields": {"persons": 358, "lat": "7.1316399", "lng": "125.6360383", "datetime": "2024-09-25T06:56:25.785Z"}}, {"model": "app.pathtrace", "pk": 442, "fields": {"persons": 358, "lat": "7.1316392", "lng": "125.6360428", "datetime": "2024-09-25T06:56:25.795Z"}}, {"model": "app.pathtrace", "pk": 443, "fields": {"persons": 358, "lat": "7.1316419", "lng": "125.6360482", "datetime": "2024-09-25T06:56:25.847Z"}}, {"model": "app.pathtrace", "pk": 444, "fields": {"persons": 358, "lat": "7.1316505", "lng": "125.6360552", "datetime": "2024-09-25T06:56:26.801Z"}}, {"model": "app.pathtrace", "pk": 445, "fields": {"persons": 358, "lat": "7.1316552", "lng": "125.6360556", "datetime": "2024-09-25T06:56:26.823Z"}}, {"model": "app.pathtrace", "pk": 446, "fields": {"persons": 358, "lat": "7.1316631", "lng": "125.6360568", "datetime": "2024-09-25T06:56:26.875Z"}}, {"model": "app.pathtrace", "pk": 447, "fields": {"persons": 358, "lat": "7.1316641", "lng": "125.6360523", "datetime": "2024-09-25T06:56:27.181Z"}}, {"model": "app.pathtrace", "pk": 448, "fields": {"persons": 358, "lat": "7.1316773", "lng": "125.6360529", "datetime": "2024-09-25T06:56:27.191Z"}}, {"model": "app.pathtrace", "pk": 449, "fields": {"persons": 358, "lat": "7.1316831", "lng": "125.6360535", "datetime": "2024-09-25T06:56:28.107Z"}}, {"model": "app.pathtrace", "pk": 450, "fields": {"persons": 358, "lat": "7.1316895", "lng": "125.6360518", "datetime": "2024-09-25T06:56:28.927Z"}}, {"model": "app.pathtrace", "pk": 451, "fields": {"persons": 358, "lat": "7.1316939", "lng": "125.636052", "datetime": "2024-09-25T06:56:29.395Z"}}, {"model": "app.pathtrace", "pk": 452, "fields": {"persons": 358, "lat": "7.1317009", "lng": "125.6360519", "datetime": "2024-09-25T06:56:30.143Z"}}, {"model": "app.pathtrace", "pk": 453, "fields": {"persons": 358, "lat": "7.1317051", "lng": "125.636054", "datetime": "2024-09-25T06:56:30.197Z"}}, {"model": "app.pathtrace", "pk": 454, "fields": {"persons": 358, "lat": "7.1317112", "lng": "125.6360557", "datetime": "2024-09-25T06:56:30.584Z"}}, {"model": "app.pathtrace", "pk": 455, "fields": {"persons": 358, "lat": "7.1317179", "lng": "125.6360574", "datetime": "2024-09-25T06:56:31.120Z"}}, {"model": "app.pathtrace", "pk": 456, "fields": {"persons": 358, "lat": "7.1317278", "lng": "125.6360612", "datetime": "2024-09-25T06:56:31.730Z"}}, {"model": "app.pathtrace", "pk": 457, "fields": {"persons": 358, "lat": "7.1317322", "lng": "125.636063", "datetime": "2024-09-25T06:56:32.374Z"}}, {"model": "app.pathtrace", "pk": 458, "fields": {"persons": 358, "lat": "7.131746", "lng": "125.6360675", "datetime": "2024-09-25T06:56:33.271Z"}}, {"model": "app.pathtrace", "pk": 459, "fields": {"persons": 358, "lat": "7.1317546", "lng": "125.6360646", "datetime": "2024-09-25T06:56:33.734Z"}}, {"model": "app.pathtrace", "pk": 460, "fields": {"persons": 358, "lat": "7.1317591", "lng": "125.6360659", "datetime": "2024-09-25T06:56:33.970Z"}}, {"model": "app.pathtrace", "pk": 461, "fields": {"persons": 358, "lat": "7.1317611", "lng": "125.6360659", "datetime": "2024-09-25T06:56:34.399Z"}}, {"model": "app.pathtrace", "pk": 462, "fields": {"persons": 358, "lat": "7.1317553", "lng": "125.6360655", "datetime": "2024-09-25T06:56:34.830Z"}}, {"model": "app.pathtrace", "pk": 463, "fields": {"persons": 358, "lat": "7.1317562", "lng": "125.6360654", "datetime": "2024-09-25T06:56:35.216Z"}}, {"model": "app.pathtrace", "pk": 464, "fields": {"persons": 358, "lat": "7.1317519", "lng": "125.6360639", "datetime": "2024-09-25T06:56:35.269Z"}}, {"model": "app.pathtrace", "pk": 465, "fields": {"persons": 358, "lat": "7.1317471", "lng": "125.6360607", "datetime": "2024-09-25T06:56:35.699Z"}}, {"model": "app.pathtrace", "pk": 466, "fields": {"persons": 358, "lat": "7.131748", "lng": "125.6360612", "datetime": "2024-09-25T06:56:36.095Z"}}, {"model": "app.pathtrace", "pk": 467, "fields": {"persons": 358, "lat": "7.1317515", "lng": "125.6360621", "datetime": "2024-09-25T06:56:36.366Z"}}, {"model": "app.pathtrace", "pk": 468, "fields": {"persons": 358, "lat": "7.1317543", "lng": "125.6360625", "datetime": "2024-09-25T06:56:36.763Z"}}, {"model": "app.pathtrace", "pk": 469, "fields": {"persons": 358, "lat": "7.1317568", "lng": "125.6360628", "datetime": "2024-09-25T06:56:37.107Z"}}, {"model": "app.pathtrace", "pk": 470, "fields": {"persons": 358, "lat": "7.1317589", "lng": "125.6360647", "datetime": "2024-09-25T06:56:37.396Z"}}, {"model": "app.pathtrace", "pk": 471, "fields": {"persons": 358, "lat": "7.1317604", "lng": "125.6360659", "datetime": "2024-09-25T06:56:37.875Z"}}, {"model": "app.pathtrace", "pk": 472, "fields": {"persons": 358, "lat": "7.1317614", "lng": "125.6360667", "datetime": "2024-09-25T06:56:38.115Z"}}, {"model": "app.pathtrace", "pk": 473, "fields": {"persons": 358, "lat": "7.1317607", "lng": "125.6360699", "datetime": "2024-09-25T06:56:38.521Z"}}, {"model": "app.pathtrace", "pk": 474, "fields": {"persons": 358, "lat": "7.1317604", "lng": "125.6360714", "datetime": "2024-09-25T06:56:38.963Z"}}, {"model": "app.pathtrace", "pk": 475, "fields": {"persons": 358, "lat": "7.1317598", "lng": "125.636072", "datetime": "2024-09-25T06:56:39.133Z"}}, {"model": "app.pathtrace", "pk": 476, "fields": {"persons": 358, "lat": "7.1317579", "lng": "125.636075", "datetime": "2024-09-25T06:56:39.618Z"}}, {"model": "app.pathtrace", "pk": 477, "fields": {"persons": 358, "lat": "7.1317567", "lng": "125.6360766", "datetime": "2024-09-25T06:56:40.144Z"}}, {"model": "app.pathtrace", "pk": 478, "fields": {"persons": 358, "lat": "7.1317557", "lng": "125.636079", "datetime": "2024-09-25T06:56:40.744Z"}}, {"model": "app.pathtrace", "pk": 479, "fields": {"persons": 358, "lat": "7.1317556", "lng": "125.6360801", "datetime": "2024-09-25T06:56:41.201Z"}}, {"model": "app.pathtrace", "pk": 480, "fields": {"persons": 358, "lat": "7.1317556", "lng": "125.6360803", "datetime": "2024-09-25T06:56:41.211Z"}}, {"model": "app.pathtrace", "pk": 481, "fields": {"persons": 358, "lat": "7.1317555", "lng": "125.6360815", "datetime": "2024-09-25T06:56:41.685Z"}}, {"model": "app.pathtrace", "pk": 482, "fields": {"persons": 358, "lat": "7.1317558", "lng": "125.6360822", "datetime": "2024-09-25T06:56:42.111Z"}}, {"model": "app.pathtrace", "pk": 483, "fields": {"persons": 358, "lat": "7.1317559", "lng": "125.6360821", "datetime": "2024-09-25T06:56:42.786Z"}}, {"model": "app.pathtrace", "pk": 484, "fields": {"persons": 358, "lat": "7.1317565", "lng": "125.6360817", "datetime": "2024-09-25T06:56:43.213Z"}}, {"model": "app.pathtrace", "pk": 485, "fields": {"persons": 358, "lat": "7.1317581", "lng": "125.6360791", "datetime": "2024-09-25T06:56:43.846Z"}}, {"model": "app.pathtrace", "pk": 486, "fields": {"persons": 267, "lat": "7.131610585621257", "lng": "125.63606892403912", "datetime": "2024-09-25T06:56:52.502Z"}}, {"model": "app.pathtrace", "pk": 487, "fields": {"persons": 267, "lat": "7.131565959127759", "lng": "125.63614258699718", "datetime": "2024-09-25T06:58:02.460Z"}}, {"model": "app.pathtrace", "pk": 488, "fields": {"persons": 267, "lat": "7.131565959127759", "lng": "125.63614258699718", "datetime": "2024-09-25T06:58:02.533Z"}}, {"model": "app.pathtrace", "pk": 489, "fields": {"persons": 267, "lat": "7.131565666131208", "lng": "125.6361430761961", "datetime": "2024-09-25T06:58:02.543Z"}}, {"model": "app.pathtrace", "pk": 490, "fields": {"persons": 267, "lat": "7.131565658434743", "lng": "125.63614309110957", "datetime": "2024-09-25T06:58:02.636Z"}}, {"model": "app.pathtrace", "pk": 491, "fields": {"persons": 267, "lat": "7.13156553632891", "lng": "125.63614329425687", "datetime": "2024-09-25T06:58:02.799Z"}}, {"model": "app.pathtrace", "pk": 492, "fields": {"persons": 267, "lat": "7.131565593533594", "lng": "125.63614320013995", "datetime": "2024-09-25T06:58:02.908Z"}}, {"model": "app.pathtrace", "pk": 493, "fields": {"persons": 267, "lat": "7.131619663277678", "lng": "125.63607354632214", "datetime": "2024-09-25T07:18:08.026Z"}}, {"model": "app.pathtrace", "pk": 494, "fields": {"persons": 267, "lat": "7.131619663277678", "lng": "125.63607354632214", "datetime": "2024-09-25T07:18:08.037Z"}}, {"model": "app.pathtrace", "pk": 495, "fields": {"persons": 267, "lat": "7.131619630836827", "lng": "125.63607356002211", "datetime": "2024-09-25T07:18:09.172Z"}}, {"model": "app.pathtrace", "pk": 496, "fields": {"persons": 267, "lat": "7.131619630841827", "lng": "125.6360735600141", "datetime": "2024-09-25T07:18:10.244Z"}}, {"model": "app.pathtrace", "pk": 497, "fields": {"persons": 267, "lat": "7.131599943782244", "lng": "125.63610903786812", "datetime": "2024-09-25T07:19:08.840Z"}}, {"model": "app.pathtrace", "pk": 498, "fields": {"persons": 267, "lat": "7.131622293461321", "lng": "125.63606456788597", "datetime": "2024-09-25T07:20:09.516Z"}}, {"model": "app.pathtrace", "pk": 499, "fields": {"persons": 267, "lat": "7.131666663107803", "lng": "125.63606024182283", "datetime": "2024-09-25T07:21:10.211Z"}}, {"model": "app.pathtrace", "pk": 500, "fields": {"persons": 267, "lat": "7.131553359721166", "lng": "125.63614350435708", "datetime": "2024-09-25T07:22:10.911Z"}}, {"model": "app.pathtrace", "pk": 501, "fields": {"persons": 267, "lat": "7.131689091809601", "lng": "125.63606703420106", "datetime": "2024-09-25T07:23:11.620Z"}}, {"model": "app.pathtrace", "pk": 502, "fields": {"persons": 267, "lat": "7.131675097342983", "lng": "125.6361041442397", "datetime": "2024-09-25T07:23:17.530Z"}}, {"model": "app.pathtrace", "pk": 503, "fields": {"persons": 267, "lat": "7.131629592039921", "lng": "125.63611983895328", "datetime": "2024-09-25T07:24:18.215Z"}}, {"model": "app.pathtrace", "pk": 504, "fields": {"persons": 267, "lat": "7.131666657403493", "lng": "125.6360602497474", "datetime": "2024-09-25T07:25:18.940Z"}}, {"model": "app.pathtrace", "pk": 505, "fields": {"persons": 267, "lat": "7.131531561486676", "lng": "125.63617849540246", "datetime": "2024-09-25T07:26:19.656Z"}}, {"model": "app.pathtrace", "pk": 506, "fields": {"persons": 267, "lat": "7.1315021850089595", "lng": "125.63612652706078", "datetime": "2024-09-25T07:26:25.531Z"}}, {"model": "app.pathtrace", "pk": 507, "fields": {"persons": 267, "lat": "7.131522907382623", "lng": "125.63613496416758", "datetime": "2024-09-25T07:27:26.241Z"}}, {"model": "app.pathtrace", "pk": 508, "fields": {"persons": 267, "lat": "7.131653482654196", "lng": "125.63608081748646", "datetime": "2024-09-25T07:28:26.906Z"}}, {"model": "app.pathtrace", "pk": 509, "fields": {"persons": 267, "lat": "7.131581671448799", "lng": "125.63615132257694", "datetime": "2024-09-25T07:29:27.560Z"}}, {"model": "app.pathtrace", "pk": 510, "fields": {"persons": 267, "lat": "7.131613676424358", "lng": "125.6360774848126", "datetime": "2024-09-25T07:30:28.240Z"}}, {"model": "app.pathtrace", "pk": 511, "fields": {"persons": 267, "lat": "7.131655371391805", "lng": "125.63606975172563", "datetime": "2024-09-25T07:31:28.885Z"}}, {"model": "app.pathtrace", "pk": 512, "fields": {"persons": 267, "lat": "7.131589411776818", "lng": "125.63610764315462", "datetime": "2024-09-25T07:32:29.558Z"}}, {"model": "app.pathtrace", "pk": 513, "fields": {"persons": 267, "lat": "7.131685700927251", "lng": "125.63610458346382", "datetime": "2024-09-25T07:33:30.252Z"}}, {"model": "app.pathtrace", "pk": 514, "fields": {"persons": 267, "lat": "7.131602193802966", "lng": "125.6362231678639", "datetime": "2024-09-25T07:34:30.983Z"}}, {"model": "app.pathtrace", "pk": 515, "fields": {"persons": 267, "lat": "7.1315613406666065", "lng": "125.63610844431115", "datetime": "2024-09-25T07:38:33.923Z"}}, {"model": "app.pathtrace", "pk": 516, "fields": {"persons": 267, "lat": "7.131559029438866", "lng": "125.6361012090153", "datetime": "2024-09-25T07:38:34.900Z"}}, {"model": "app.pathtrace", "pk": 517, "fields": {"persons": 267, "lat": "7.131638530403594", "lng": "125.63610291211963", "datetime": "2024-09-25T07:38:39.771Z"}}, {"model": "app.pathtrace", "pk": 518, "fields": {"persons": 267, "lat": "7.131658499258843", "lng": "125.63606434576032", "datetime": "2024-09-25T07:39:40.527Z"}}, {"model": "app.pathtrace", "pk": 519, "fields": {"persons": 267, "lat": "7.1315201158892085", "lng": "125.63620059777946", "datetime": "2024-09-25T07:40:41.186Z"}}, {"model": "app.pathtrace", "pk": 520, "fields": {"persons": 267, "lat": "7.131592492412265", "lng": "125.63614106303616", "datetime": "2024-09-25T07:41:41.902Z"}}, {"model": "app.pathtrace", "pk": 521, "fields": {"persons": 267, "lat": "7.131566727507744", "lng": "125.63627103643385", "datetime": "2024-09-25T07:42:42.569Z"}}, {"model": "app.pathtrace", "pk": 522, "fields": {"persons": 267, "lat": "7.131586784330769", "lng": "125.63611954364816", "datetime": "2024-09-25T07:43:43.255Z"}}, {"model": "app.pathtrace", "pk": 523, "fields": {"persons": 267, "lat": "7.131578241450881", "lng": "125.6361085689105", "datetime": "2024-09-25T07:44:44.016Z"}}, {"model": "app.pathtrace", "pk": 524, "fields": {"persons": 267, "lat": "7.13160619739469", "lng": "125.63616255705595", "datetime": "2024-09-25T07:46:45.366Z"}}, {"model": "app.transaction", "pk": 359, "fields": {"persons": 267, "lat": "7.13160619739469", "lng": "125.63616255705595", "location": null, "datetime": "2024-09-25T07:46:45.362Z", "is_active": false}}, {"model": "app.transaction", "pk": 369, "fields": {"persons": 358, "lat": "7.1317581", "lng": "125.6360791", "location": null, "datetime": "2024-09-25T06:56:43.842Z", "is_active": false}}, {"model": "app.subunit", "pk": 257, "fields": {"units": 2, "sub_unit_code": "E121", "sub_unit_description": "REGIONAL HEADQUARTERS", "abbreviation": "RHQ"}}, {"model": "app.subunit", "pk": 258, "fields": {"units": 2, "sub_unit_code": "E122", "sub_unit_description": "REGIONAL MOBILE FORCE BATTALION", "abbreviation": "RMFB"}}, {"model": "app.subunit", "pk": 259, "fields": {"units": 2, "sub_unit_code": "E1220", "sub_unit_description": "REGIONAL MOBILE GROUP", "abbreviation": "RMG"}}, {"model": "app.subunit", "pk": 260, "fields": {"units": 2, "sub_unit_code": "E123", "sub_unit_description": "DAVAO CITY POLICE OFFICE", "abbreviation": "DCPO"}}, {"model": "app.subunit", "pk": 261, "fields": {"units": 2, "sub_unit_code": "E124", "sub_unit_description": "DAVAO DEL SUR  POLICE PROVINCIAL OFFICE", "abbreviation": "DSPPO"}}, {"model": "app.subunit", "pk": 262, "fields": {"units": 2, "sub_unit_code": "E125", "sub_unit_description": "DAVAO DEL NORTE  POLICE PROVINCIAL OFFICE", "abbreviation": "DNPPO"}}, {"model": "app.subunit", "pk": 263, "fields": {"units": 2, "sub_unit_code": "E126", "sub_unit_description": "DAVAO ORIENTAL  POLICE PROVINCIAL OFFICE", "abbreviation": "DOPPO"}}, {"model": "app.subunit", "pk": 264, "fields": {"units": 2, "sub_unit_code": "E127", "sub_unit_description": "DAVAO OCCIDENTAL POLICE PROVINCIAL OFFICE", "abbreviation": "DOCPPO"}}, {"model": "app.subunit", "pk": 265, "fields": {"units": 2, "sub_unit_code": "E128", "sub_unit_description": "DAVAO DE ORO POLICE PROVINCIAL OFFICE", "abbreviation": "DDOPPO"}}, {"model": "app.subunit", "pk": 266, "fields": {"units": 2, "sub_unit_code": "E129", "sub_unit_description": "REGIONAL HEADQUARTERS SUPPORT UNIT", "abbreviation": "RHSU"}}, {"model": "app.station", "pk": 33, "fields": {"sub_unit": null, "station_code": "1", "station_name": "STA ANA", "description": "Sta ana Police Station"}}, {"model": "app.station", "pk": 268, "fields": {"sub_unit": null, "station_code": "E121.01", "station_name": "ORD", "description": "Office of the Regional Director"}}, {"model": "app.station", "pk": 269, "fields": {"sub_unit": null, "station_code": "E121.02", "station_name": "ODRDA", "description": "Office of the Deputy Regional Director for Administration"}}, {"model": "app.station", "pk": 270, "fields": {"sub_unit": null, "station_code": "E121.03", "station_name": "ODRDO", "description": "Office of the Deputy Regional Director for Operations"}}, {"model": "app.station", "pk": 271, "fields": {"sub_unit": null, "station_code": "E121.04", "station_name": "OCRS", "description": "Office of the Chief Regional Staff"}}, {"model": "app.station", "pk": 272, "fields": {"sub_unit": null, "station_code": "E121.05", "station_name": "RPRMD", "description": "Regional Personnel and Records Management Division"}}, {"model": "app.station", "pk": 273, "fields": {"sub_unit": null, "station_code": "E121.06", "station_name": "RID", "description": "Regional Intelligence Division"}}, {"model": "app.station", "pk": 274, "fields": {"sub_unit": null, "station_code": "E121.07", "station_name": "ROD", "description": "Regional Operations Division"}}, {"model": "app.station", "pk": 275, "fields": {"sub_unit": null, "station_code": "E121.08", "station_name": "RLRDD", "description": "Regional Logistics and Research Development Division"}}, {"model": "app.station", "pk": 276, "fields": {"sub_unit": null, "station_code": "E121.09", "station_name": "RCADD (R5)", "description": "Regional Community Affairs and Development Division"}}, {"model": "app.station", "pk": 277, "fields": {"sub_unit": null, "station_code": "E121.10", "station_name": "RCD (R6)", "description": "Regional Comptrollership Division"}}, {"model": "app.station", "pk": 278, "fields": {"sub_unit": null, "station_code": "E121.11", "station_name": "RIDMD (R7)", "description": "Regional Investigation and Detective Management Division"}}, {"model": "app.station", "pk": 279, "fields": {"sub_unit": null, "station_code": "E121.12", "station_name": "RLDDD (R8)", "description": "Regional Learning and Doctrine Development Division"}}, {"model": "app.station", "pk": 280, "fields": {"sub_unit": null, "station_code": "E121.13", "station_name": "RPSMD (R9)", "description": "Regional Plans and Strategy Management Division"}}, {"model": "app.station", "pk": 281, "fields": {"sub_unit": null, "station_code": "E121.14", "station_name": "RICTMD (R10)", "description": "Regional Information and Communication Technology Management Division"}}, {"model": "app.station", "pk": 282, "fields": {"sub_unit": null, "station_code": "E121.15", "station_name": "RHSD", "description": "Regional Headquarters Support Division"}}, {"model": "app.station", "pk": 283, "fields": {"sub_unit": null, "station_code": "E121.16", "station_name": "RPIO", "description": "Regional Public Information Office"}}, {"model": "app.station", "pk": 284, "fields": {"sub_unit": null, "station_code": "E121.17", "station_name": "RESPO", "description": "Regional Executive Senior Police Officer"}}, {"model": "app.station", "pk": 285, "fields": {"sub_unit": null, "station_code": "E122.01", "station_name": "RMFB HQ", "description": "RMFB Headquarters"}}, {"model": "app.station", "pk": 286, "fields": {"sub_unit": null, "station_code": "E122.02", "station_name": "Technical Support Platoon", "description": "Technical Support Platoon"}}, {"model": "app.station", "pk": 287, "fields": {"sub_unit": null, "station_code": "E122.03", "station_name": "1st MC, RMFB", "description": "1st Maneuver Company, RMFB"}}, {"model": "app.station", "pk": 288, "fields": {"sub_unit": null, "station_code": "E122.04", "station_name": "2nd MC, RMFB", "description": "2nd Maneuver Company, RMFB"}}, {"model": "app.station", "pk": 289, "fields": {"sub_unit": null, "station_code": "E122.05", "station_name": "3rd MC, RMFB", "description": "3rd Maneuver Company, RMFB"}}, {"model": "app.station", "pk": 290, "fields": {"sub_unit": null, "station_code": "E122.06", "station_name": "4th MC, RMFB", "description": "4th Maneuver Company, RMFB"}}, {"model": "app.station", "pk": 291, "fields": {"sub_unit": null, "station_code": "E122.07", "station_name": "5th MC, RMFB", "description": "5th Maneuver Company, RMFB"}}, {"model": "app.station", "pk": 292, "fields": {"sub_unit": null, "station_code": "E123.01", "station_name": "PS 1 (Sta Ana)", "description": "Sta. Ana Police Station"}}, {"model": "app.station", "pk": 293, "fields": {"sub_unit": null, "station_code": "E123.02", "station_name": "PS 2 (San Pedro)", "description": "San Pedro Police Station"}}, {"model": "app.station", "pk": 294, "fields": {"sub_unit": null, "station_code": "E123.03", "station_name": "PS 3 (Talomo)", "description": "Talomo Police Station"}}, {"model": "app.station", "pk": 295, "fields": {"sub_unit": null, "station_code": "E123.04", "station_name": "PS 4 (Sasa)", "description": "Sasa Police Station"}}, {"model": "app.station", "pk": 296, "fields": {"sub_unit": null, "station_code": "E123.05", "station_name": "PS 5 (Buhangin)", "description": "Buhangin Police Station"}}, {"model": "app.station", "pk": 297, "fields": {"sub_unit": null, "station_code": "E123.06", "station_name": "PS 6 (Bunawan)", "description": "Bunawan Police Station"}}, {"model": "app.station", "pk": 298, "fields": {"sub_unit": null, "station_code": "E123.07", "station_name": "PS 7 (Paquibato)", "description": "Paquibato Police Station"}}, {"model": "app.station", "pk": 299, "fields": {"sub_unit": null, "station_code": "E123.08", "station_name": "PS 8 (Toril)", "description": "Toril Police Station"}}, {"model": "app.station", "pk": 300, "fields": {"sub_unit": null, "station_code": "E123.09", "station_name": "PS 9 (Tugbok)", "description": "Tugbok Police Station"}}, {"model": "app.station", "pk": 301, "fields": {"sub_unit": null, "station_code": "E123.10", "station_name": "PS 10 (Calinan)", "description": "Calinan Police Station"}}, {"model": "app.station", "pk": 302, "fields": {"sub_unit": null, "station_code": "E123.11", "station_name": "PS 11 (Baguio)", "description": "Baguio Police Station"}}, {"model": "app.station", "pk": 303, "fields": {"sub_unit": null, "station_code": "E123.12", "station_name": "PS 12 (Marilog)", "description": "Marilog Police Station"}}, {"model": "app.station", "pk": 304, "fields": {"sub_unit": null, "station_code": "E123.13", "station_name": "PS 13 (Mandug)", "description": "Mandug Police Station"}}, {"model": "app.station", "pk": 305, "fields": {"sub_unit": null, "station_code": "E123.14", "station_name": "PS 14 (Torres)", "description": "Torres Police Station"}}, {"model": "app.station", "pk": 306, "fields": {"sub_unit": null, "station_code": "E123.15", "station_name": "PS 15 (Ecoland)", "description": "Ecoland Police Station"}}, {"model": "app.station", "pk": 307, "fields": {"sub_unit": null, "station_code": "E123.15", "station_name": "PS 15 (Ecoland)", "description": "Ecoland Police Station"}}, {"model": "app.station", "pk": 308, "fields": {"sub_unit": null, "station_code": "E123.16", "station_name": "PS 16 (Ma-a)", "description": "Ma-a Police Station"}}, {"model": "app.station", "pk": 309, "fields": {"sub_unit": null, "station_code": "E123.17", "station_name": "PS 17 (Baliok)", "description": "Baliok Police Station"}}, {"model": "app.station", "pk": 310, "fields": {"sub_unit": null, "station_code": "E123.18", "station_name": "PS 18 (Bajada)", "description": "Bajada Police Station"}}, {"model": "app.station", "pk": 311, "fields": {"sub_unit": null, "station_code": "E123.19", "station_name": "PS 19 (Eden)", "description": "Eden Police Station"}}, {"model": "app.station", "pk": 312, "fields": {"sub_unit": null, "station_code": "E123.20", "station_name": "PS 20 (Los Amigos)", "description": "Los Amigos Police Station"}}, {"model": "app.station", "pk": 313, "fields": {"sub_unit": null, "station_code": "E124.01", "station_name": "Digos CPS", "description": "Digos City Police Station"}}, {"model": "app.station", "pk": 314, "fields": {"sub_unit": null, "station_code": "E124.02", "station_name": "Bansalan MPS", "description": "Bansalan MPS"}}, {"model": "app.station", "pk": 315, "fields": {"sub_unit": null, "station_code": "E124.03", "station_name": "Hagonoy MPS", "description": "Hagonoy MPS"}}, {"model": "app.station", "pk": 316, "fields": {"sub_unit": null, "station_code": "E124.04", "station_name": "Kiblawan MPS", "description": "Kiblawan MPS"}}, {"model": "app.station", "pk": 317, "fields": {"sub_unit": null, "station_code": "E124.05", "station_name": "Magsaysay MPS", "description": "Magsaysay MPS"}}, {"model": "app.station", "pk": 318, "fields": {"sub_unit": null, "station_code": "E124.06", "station_name": "Malalag MPS", "description": "Malalag MPS"}}, {"model": "app.station", "pk": 319, "fields": {"sub_unit": null, "station_code": "E124.07", "station_name": "Padada MPS", "description": "Padada MPS"}}, {"model": "app.station", "pk": 320, "fields": {"sub_unit": null, "station_code": "E124.08", "station_name": "Matanao MPS", "description": "Matanao MPS"}}, {"model": "app.station", "pk": 321, "fields": {"sub_unit": null, "station_code": "E124.09", "station_name": "Saranggani MPS", "description": "Saranggani MPS"}}, {"model": "app.station", "pk": 322, "fields": {"sub_unit": null, "station_code": "E124.10", "station_name": "Sta Cruz MPS", "description": "Sta Cruz MPS"}}, {"model": "app.station", "pk": 323, "fields": {"sub_unit": null, "station_code": "E124.11", "station_name": "Sta Maria MPS", "description": "Sta Maria MPS"}}, {"model": "app.station", "pk": 324, "fields": {"sub_unit": null, "station_code": "E124.12", "station_name": "Sulop MPS", "description": "Sulop MPS"}}, {"model": "app.station", "pk": 325, "fields": {"sub_unit": null, "station_code": "E126.01", "station_name": "Mati CPS", "description": "Mati CPS"}}, {"model": "app.station", "pk": 326, "fields": {"sub_unit": null, "station_code": "E126.02", "station_name": "Banaybanay MPS", "description": "Banaybanay MPS"}}, {"model": "app.station", "pk": 327, "fields": {"sub_unit": null, "station_code": "E126.03", "station_name": "Lupon MPS", "description": "Lupon MPS"}}, {"model": "app.station", "pk": 328, "fields": {"sub_unit": null, "station_code": "E126.04", "station_name": "San Isidro MPS", "description": "San Isidro MPS"}}, {"model": "app.station", "pk": 329, "fields": {"sub_unit": null, "station_code": "E126.05", "station_name": "GovGen MPS", "description": "GovGen MPS"}}, {"model": "app.station", "pk": 330, "fields": {"sub_unit": null, "station_code": "E126.06", "station_name": "Tarragona MPS", "description": "Tarragona MPS"}}, {"model": "app.station", "pk": 331, "fields": {"sub_unit": null, "station_code": "E126.07", "station_name": "Manay MPS", "description": "Manay MPS"}}, {"model": "app.station", "pk": 332, "fields": {"sub_unit": null, "station_code": "E126.08", "station_name": "Caraga MPS", "description": "Caraga MPS"}}, {"model": "app.station", "pk": 333, "fields": {"sub_unit": null, "station_code": "E126.09", "station_name": "Baganga MPS", "description": "Baganga MPS"}}, {"model": "app.station", "pk": 334, "fields": {"sub_unit": null, "station_code": "E126.10", "station_name": "Caraga MPS", "description": "Caraga MPS"}}, {"model": "app.station", "pk": 335, "fields": {"sub_unit": null, "station_code": "E126.11", "station_name": "Boston MPS", "description": "Boston MPS"}}, {"model": "app.station", "pk": 336, "fields": {"sub_unit": null, "station_code": "E127.01", "station_name": "Sta Maria MPS", "description": "Sta Maria MPS"}}, {"model": "app.station", "pk": 337, "fields": {"sub_unit": null, "station_code": "E127.02", "station_name": "Malita MPS", "description": "Malita MPS"}}, {"model": "app.station", "pk": 338, "fields": {"sub_unit": null, "station_code": "E127.03", "station_name": "Don Marcelino MPS", "description": "Don Marcelino MPS"}}, {"model": "app.station", "pk": 339, "fields": {"sub_unit": null, "station_code": "E127.04", "station_name": "Jose Abad Santos MPS", "description": "Jose Abad Santos MPS"}}, {"model": "app.station", "pk": 340, "fields": {"sub_unit": null, "station_code": "E127.05", "station_name": "Sarangani MPS", "description": "Sarangani MPS"}}, {"model": "app.station", "pk": 341, "fields": {"sub_unit": null, "station_code": "E127.05", "station_name": "Sarangani MPS", "description": "Sarangani MPS"}}, {"model": "app.station", "pk": 342, "fields": {"sub_unit": null, "station_code": "E128.01", "station_name": "New Bataan MPS", "description": "New Bataan MPS"}}, {"model": "app.station", "pk": 343, "fields": {"sub_unit": null, "station_code": "E128.02", "station_name": "Maco MPS", "description": "Maco MPS"}}, {"model": "app.station", "pk": 344, "fields": {"sub_unit": null, "station_code": "E128.03", "station_name": "Pantukan MPS", "description": "Pantukan MPS"}}, {"model": "app.station", "pk": 345, "fields": {"sub_unit": null, "station_code": "E128.04", "station_name": "Montevista MPS", "description": "Montevista MPS"}}, {"model": "app.station", "pk": 346, "fields": {"sub_unit": null, "station_code": "E128.05", "station_name": "Nabunturan MPS", "description": "Nabunturan MPS"}}, {"model": "app.station", "pk": 347, "fields": {"sub_unit": null, "station_code": "E128.06", "station_name": "Compostela MPS", "description": "Compostela MPS"}}, {"model": "app.station", "pk": 348, "fields": {"sub_unit": null, "station_code": "E128.07", "station_name": "Maragusan MPS", "description": "Maragusan MPS"}}, {"model": "app.station", "pk": 349, "fields": {"sub_unit": null, "station_code": "E128.08", "station_name": "Mabini MPS", "description": "Mabini MPS"}}, {"model": "app.station", "pk": 350, "fields": {"sub_unit": null, "station_code": "E128.09", "station_name": "Laak MPS", "description": "Laak MPS"}}, {"model": "app.station", "pk": 351, "fields": {"sub_unit": null, "station_code": "E128.10", "station_name": "Monkayo MPS", "description": "Monkayo MPS"}}, {"model": "app.station", "pk": 352, "fields": {"sub_unit": null, "station_code": "E128.11", "station_name": "Mawab MPS", "description": "Mawab MPS"}}, {"model": "app.geofencing", "pk": 1, "fields": {"name": "DAVAO CITY POLICE OFFICE", "coordinates": [{"lat": 6.935909287368594, "lng": 125.48951717319474}, {"lat": 6.9723745718431696, "lng": 125.3882369607924}, {"lat": 6.975782397568621, "lng": 125.31476589145646}, {"lat": 6.962832527976697, "lng": 125.25434108676896}, {"lat": 6.976804740450795, "lng": 125.25818429406313}, {"lat": 6.996910363069914, "lng": 125.26402078087953}, {"lat": 6.998614189629899, "lng": 125.26676736291078}, {"lat": 7.005429433655974, "lng": 125.26264748986391}, {"lat": 7.009859288861181, "lng": 125.26676736291078}, {"lat": 7.012585332672739, "lng": 125.27706704552797}, {"lat": 7.021104116726978, "lng": 125.27672372277407}, {"lat": 7.025193077677779, "lng": 125.28736672814516}, {"lat": 7.022467107704859, "lng": 125.3059061568561}, {"lat": 7.0207633683585335, "lng": 125.31242928918032}, {"lat": 7.024511586682644, "lng": 125.31551919396547}, {"lat": 7.038822687687796, "lng": 125.3113993209186}, {"lat": 7.043691401475205, "lng": 125.30411630428898}, {"lat": 7.056639024185089, "lng": 125.2993097857343}, {"lat": 7.061409109710071, "lng": 125.29038339413273}, {"lat": 7.067201290281815, "lng": 125.29244333065617}, {"lat": 7.070267709434852, "lng": 125.29004007137883}, {"lat": 7.08048895955751, "lng": 125.2941599444257}, {"lat": 7.086962300846875, "lng": 125.2886667803632}, {"lat": 7.097183180882111, "lng": 125.29004007137883}, {"lat": 7.102634224101131, "lng": 125.29793649471867}, {"lat": 7.111989374659334, "lng": 125.29215693117061}, {"lat": 7.117099564916567, "lng": 125.29318689943233}, {"lat": 7.135155114456373, "lng": 125.27018427492061}, {"lat": 7.140946366361251, "lng": 125.26812433839717}, {"lat": 7.1440122935668136, "lng": 125.26331781984248}, {"lat": 7.143671636003689, "lng": 125.25679468751827}, {"lat": 7.149122126543968, "lng": 125.24992823244014}, {"lat": 7.208638563217553, "lng": 125.2448452192517}, {"lat": 7.244068247932505, "lng": 125.24634530831955}, {"lat": 7.247133478703587, "lng": 125.24840524484298}, {"lat": 7.250879843548439, "lng": 125.24806192208908}, {"lat": 7.254285602726095, "lng": 125.2490918903508}, {"lat": 7.262118751020532, "lng": 125.24737527658127}, {"lat": 7.273697937618901, "lng": 125.24033716012619}, {"lat": 7.282660307730461, "lng": 125.24119546701095}, {"lat": 7.286917201494871, "lng": 125.23896386911056}, {"lat": 7.290492961004499, "lng": 125.24274041940353}, {"lat": 7.293387602554965, "lng": 125.24188211251877}, {"lat": 7.295601139347481, "lng": 125.23913553048752}, {"lat": 7.300198450007291, "lng": 125.24153878976486}, {"lat": 7.306498391563504, "lng": 125.24239709664963}, {"lat": 7.312457713994552, "lng": 125.24377038766525}, {"lat": 7.315181949190204, "lng": 125.24291208078048}, {"lat": 7.3168845877440605, "lng": 125.23776223947189}, {"lat": 7.321361882609423, "lng": 125.2358739643254}, {"lat": 7.326810227611354, "lng": 125.23724725534103}, {"lat": 7.336514927106864, "lng": 125.23707559396408}, {"lat": 7.341282070414855, "lng": 125.23209741403244}, {"lat": 7.341792832739036, "lng": 125.22935083200119}, {"lat": 7.346389667252494, "lng": 125.22729089547775}, {"lat": 7.358085125922649, "lng": 125.22759440485905}, {"lat": 7.361319821678668, "lng": 125.23016932551334}, {"lat": 7.3679593864103285, "lng": 125.22725108210514}, {"lat": 7.370683281627103, "lng": 125.227766066236}, {"lat": 7.372215465325562, "lng": 125.22931101862858}, {"lat": 7.376131021801017, "lng": 125.22965434138248}, {"lat": 7.38464298156726, "lng": 125.23102763239811}, {"lat": 7.387952626682186, "lng": 125.23720744196842}, {"lat": 7.393400154128034, "lng": 125.23961070124577}, {"lat": 7.3996987739555395, "lng": 125.23823741023014}, {"lat": 7.402762934875122, "lng": 125.24012568537663}, {"lat": 7.4109339265482195, "lng": 125.24012568537663}, {"lat": 7.415359817097669, "lng": 125.2384090716071}, {"lat": 7.424418136925955, "lng": 125.2390957171149}, {"lat": 7.43020565360249, "lng": 125.23686411921452}, {"lat": 7.448589024113681, "lng": 125.238752394361}, {"lat": 7.453354957335903, "lng": 125.23686411921452}, {"lat": 7.451993267420287, "lng": 125.24355891291569}, {"lat": 7.456078324465298, "lng": 125.24836543147038}, {"lat": 7.471330768753842, "lng": 125.24869206755804}, {"lat": 7.474394429655421, "lng": 125.24611714690374}, {"lat": 7.478819679678942, "lng": 125.24731877654241}, {"lat": 7.47933028256417, "lng": 125.25349858611273}, {"lat": 7.483074685466285, "lng": 125.25590184539007}, {"lat": 7.489031623833426, "lng": 125.25573018401312}, {"lat": 7.496573032584939, "lng": 125.25710347502874}, {"lat": 7.50746532058998, "lng": 125.26379826872991}, {"lat": 7.517166034863936, "lng": 125.26105168669866}, {"lat": 7.549542011294007, "lng": 125.25996149282817}, {"lat": 7.561283813067238, "lng": 125.25120676260356}, {"lat": 7.567239677405196, "lng": 125.25292337637309}, {"lat": 7.582384218959115, "lng": 125.25017679434184}, {"lat": 7.5820438980312534, "lng": 125.50732553701762}, {"lat": 7.569111503499652, "lng": 125.50766885977153}, {"lat": 7.555498037587616, "lng": 125.50766885977153}, {"lat": 7.550052531049674, "lng": 125.50183237295512}, {"lat": 7.543926254200964, "lng": 125.49771249990825}, {"lat": 7.538480601950287, "lng": 125.50389230947856}, {"lat": 7.533034881204418, "lng": 125.50766885977153}, {"lat": 7.52622763402436, "lng": 125.51075876455668}, {"lat": 7.517718424797224, "lng": 125.51316202383403}, {"lat": 7.510230182715269, "lng": 125.51007211904887}, {"lat": 7.497636030124581, "lng": 125.51247537832622}, {"lat": 7.488105077833612, "lng": 125.5172818968809}, {"lat": 7.477552709008265, "lng": 125.52105844717387}, {"lat": 7.472446632492072, "lng": 125.5172818968809}, {"lat": 7.468021317897578, "lng": 125.51762521963481}, {"lat": 7.4656384376331015, "lng": 125.52895487051372}, {"lat": 7.460872638148343, "lng": 125.52037180166606}, {"lat": 7.452021729970016, "lng": 125.52483499746684}, {"lat": 7.447936635093784, "lng": 125.5334180663145}, {"lat": 7.4404471956094245, "lng": 125.54955423574809}, {"lat": 7.442830212956064, "lng": 125.56019724111918}, {"lat": 7.452021729970016, "lng": 125.56397379141215}, {"lat": 7.446915355424503, "lng": 125.56946695547465}, {"lat": 7.436021557628078, "lng": 125.5667203734434}, {"lat": 7.432276752178716, "lng": 125.55230081777934}, {"lat": 7.238096257787453, "lng": 125.55137907219464}, {"lat": 7.237415083542296, "lng": 125.62176023674542}, {"lat": 7.250016640501189, "lng": 125.6210735912376}, {"lat": 7.263298981007697, "lng": 125.63240324211651}, {"lat": 7.262617844880967, "lng": 125.63892637444073}, {"lat": 7.274197018615454, "lng": 125.63652311516339}, {"lat": 7.279305382686851, "lng": 125.66295896721417}, {"lat": 7.259893290055635, "lng": 125.66330228996807}, {"lat": 7.252400679201072, "lng": 125.68046842766339}, {"lat": 7.252400679201072, "lng": 125.66295896721417}, {"lat": 7.242765841445408, "lng": 125.64922605705792}, {"lat": 7.234591767237338, "lng": 125.6481960887962}, {"lat": 7.231526451234719, "lng": 125.65506254387432}, {"lat": 7.227779925639811, "lng": 125.65128599358135}, {"lat": 7.224033368975476, "lng": 125.64544950676495}, {"lat": 7.213742721750269, "lng": 125.64701439547832}, {"lat": 7.210166352807396, "lng": 125.65353752780254}, {"lat": 7.206930566094977, "lng": 125.65353752780254}, {"lat": 7.2043759813143025, "lng": 125.64873100924785}, {"lat": 7.1917731524413515, "lng": 125.65044762301739}, {"lat": 7.1572126330382595, "lng": 125.66051102825627}, {"lat": 7.150740282932883, "lng": 125.66360093304142}, {"lat": 7.148526036834817, "lng": 125.6622276420258}, {"lat": 7.128086335744458, "lng": 125.66377259441838}, {"lat": 7.11428902184596, "lng": 125.66068268963322}, {"lat": 7.105771954364959, "lng": 125.65141297527775}, {"lat": 7.096573344216678, "lng": 125.65038300701603}, {"lat": 7.0935070999647865, "lng": 125.6435165519379}, {"lat": 7.090100137957938, "lng": 125.64145661541447}, {"lat": 7.0836268407336815, "lng": 125.62841035076603}, {"lat": 7.076131330410764, "lng": 125.6270370597504}, {"lat": 7.069998549602404, "lng": 125.62738038250431}, {"lat": 7.067613557297039, "lng": 125.62257386394963}, {"lat": 7.061139944719413, "lng": 125.6153640861176}, {"lat": 7.05500696501766, "lng": 125.61090089031681}, {"lat": 7.049555359296044, "lng": 125.61090089031681}, {"lat": 7.044103689428429, "lng": 125.6050644035004}, {"lat": 7.044103689428429, "lng": 125.59682465740666}, {"lat": 7.0389014820373355, "lng": 125.5802532638905}, {"lat": 7.034131164840471, "lng": 125.57887997287487}, {"lat": 7.022886651891101, "lng": 125.57750668185925}, {"lat": 7.024249637645392, "lng": 125.57098354953503}, {"lat": 7.036857066384408, "lng": 125.57407345432019}, {"lat": 7.04537540550365, "lng": 125.55999722141003}, {"lat": 7.044012481757593, "lng": 125.54523434299206}, {"lat": 7.029701540704711, "lng": 125.52772488254284}, {"lat": 7.017775419744788, "lng": 125.51536526340222}, {"lat": 7.014027147161942, "lng": 125.51742519992565}, {"lat": 7.010619600451717, "lng": 125.51090206760144}, {"lat": 7.0051674738836995, "lng": 125.50575222629284}, {"lat": 6.998352226030617, "lng": 125.50540890353894}, {"lat": 6.984770676877815, "lng": 125.48972222890987}, {"lat": 6.974547321567807, "lng": 125.48525903310909}, {"lat": 6.960575041805385, "lng": 125.48457238760128}, {"lat": 6.946602346044985, "lng": 125.48731896963253}], "center": "{\"lat\":7.24895896860401,\"lng\":125.4141768696968}"}}, {"model": "app.geofencing", "pk": 356, "fields": {"name": "DAVAO OCCIDENTAL POLICE PROVINCIAL OFFICE", "coordinates": [{"lat": 6.588825812868133, "lng": 125.44896643232202}, {"lat": 6.592747931732535, "lng": 125.44879477094507}, {"lat": 6.610311822280003, "lng": 125.43085615705347}, {"lat": 6.6100560419392655, "lng": 125.42845289777613}, {"lat": 6.61082338256449, "lng": 125.42682211469507}, {"lat": 6.611079162508228, "lng": 125.42484800886011}, {"lat": 6.614830586476037, "lng": 125.4227022416482}, {"lat": 6.615503288474439, "lng": 125.42007639043337}, {"lat": 6.61652639776602, "lng": 125.41930391423708}, {"lat": 6.61737898722356, "lng": 125.42393877141481}, {"lat": 6.618828385923421, "lng": 125.42402460210329}, {"lat": 6.620192521989789, "lng": 125.42093469731813}, {"lat": 6.623432330038758, "lng": 125.41981889836794}, {"lat": 6.626393432614819, "lng": 125.42037572534123}, {"lat": 6.62954794317798, "lng": 125.42046155602971}, {"lat": 6.6299742268412, "lng": 125.42209233911076}, {"lat": 6.630229996862193, "lng": 125.42732801110783}, {"lat": 6.631913150925146, "lng": 125.4274083107813}, {"lat": 6.633064110446133, "lng": 125.42921075523931}, {"lat": 6.632850969996945, "lng": 125.42972573937017}, {"lat": 6.6320410354491255, "lng": 125.42912492455083}, {"lat": 6.631486868938855, "lng": 125.42921075523931}, {"lat": 6.630719560434371, "lng": 125.42903909386236}, {"lat": 6.630122764105013, "lng": 125.42826661766607}, {"lat": 6.629398081876542, "lng": 125.42839536369878}, {"lat": 6.627820828638169, "lng": 125.42869577110845}, {"lat": 6.625774654757093, "lng": 125.43002614677984}, {"lat": 6.624112132228439, "lng": 125.43247232140142}, {"lat": 6.62424001877571, "lng": 125.43307313622076}, {"lat": 6.622662749042764, "lng": 125.43414601982671}, {"lat": 6.620232891210897, "lng": 125.43792257011968}, {"lat": 6.620488666282801, "lng": 125.43912419975835}, {"lat": 6.619678711433818, "lng": 125.43865213097173}, {"lat": 6.618740867317059, "lng": 125.43882379234869}, {"lat": 6.614563176432949, "lng": 125.44229993523199}, {"lat": 6.611920129261819, "lng": 125.4444457024439}, {"lat": 6.61085438043616, "lng": 125.44508943260747}, {"lat": 6.610342820183757, "lng": 125.44483194054204}, {"lat": 6.607571859619032, "lng": 125.44886598290044}, {"lat": 6.607102926295153, "lng": 125.45135507286626}, {"lat": 6.608253943660113, "lng": 125.4534150093897}, {"lat": 6.608211313435097, "lng": 125.45448789299566}, {"lat": 6.609404958346295, "lng": 125.45521745384771}, {"lat": 6.61008703985905, "lng": 125.45586118401128}, {"lat": 6.609447588468412, "lng": 125.4565478295191}, {"lat": 6.607870271502741, "lng": 125.45697698296148}, {"lat": 6.606629916803716, "lng": 125.45804215707435}, {"lat": 6.605692047925626, "lng": 125.45782758035315}, {"lat": 6.604967329847609, "lng": 125.45864297189368}, {"lat": 6.60368841300304, "lng": 125.45795632638587}, {"lat": 6.601343723538267, "lng": 125.45915795602454}, {"lat": 6.5998942735876724, "lng": 125.45890046395911}, {"lat": 6.597464303858661, "lng": 125.46096040048255}, {"lat": 6.59652641761702, "lng": 125.46143246926917}, {"lat": 6.594522745607703, "lng": 125.46323491372718}, {"lat": 6.592561697073833, "lng": 125.46799851693763}, {"lat": 6.592092749535903, "lng": 125.47138882913245}, {"lat": 6.592604328646195, "lng": 125.47250462808265}, {"lat": 6.593883274112194, "lng": 125.47198964395179}, {"lat": 6.59371274824071, "lng": 125.47400666513099}, {"lat": 6.593627485282978, "lng": 125.47482205667151}, {"lat": 6.594011168477307, "lng": 125.47520829476966}, {"lat": 6.593329064815396, "lng": 125.47701073922767}, {"lat": 6.59375537971408, "lng": 125.47932816781653}, {"lat": 6.59439485137461, "lng": 125.47971440591468}, {"lat": 6.5953327416508865, "lng": 125.4819889191593}, {"lat": 6.596441155143381, "lng": 125.48168851174964}, {"lat": 6.5973790415464295, "lng": 125.48181725778235}, {"lat": 6.597421672704378, "lng": 125.48383427896155}, {"lat": 6.598913760921219, "lng": 125.48443509378089}, {"lat": 6.596824836159234, "lng": 125.48482133187903}, {"lat": 6.595631160912007, "lng": 125.48563672341956}, {"lat": 6.595344215752122, "lng": 125.48488819334472}, {"lat": 6.594363694080181, "lng": 125.48424446318114}, {"lat": 6.593980011158743, "lng": 125.48381530973876}, {"lat": 6.592061592096783, "lng": 125.48312866423095}, {"lat": 6.5906547467334144, "lng": 125.48317157957518}, {"lat": 6.5887363148060345, "lng": 125.48196994993651}, {"lat": 6.586519450894132, "lng": 125.48158371183837}, {"lat": 6.58639155459701, "lng": 125.48059665892089}, {"lat": 6.584984693153177, "lng": 125.48025333616698}, {"lat": 6.584942060925965, "lng": 125.47935211393798}, {"lat": 6.5832794012083475, "lng": 125.47862255308593}, {"lat": 6.580934615220278, "lng": 125.4783650610205}, {"lat": 6.5785359196493145, "lng": 125.4788857153535}, {"lat": 6.573590492674022, "lng": 125.48081690584422}, {"lat": 6.571501461326802, "lng": 125.48219019685985}, {"lat": 6.569113986185878, "lng": 125.48558050905467}, {"lat": 6.567599454034303, "lng": 125.48934174936821}, {"lat": 6.566149905554756, "lng": 125.49178792398979}, {"lat": 6.565041424457396, "lng": 125.49792481821586}, {"lat": 6.566192539393823, "lng": 125.49891187113334}, {"lat": 6.5666188775836325, "lng": 125.5008859769683}, {"lat": 6.565254594090896, "lng": 125.50041390818168}, {"lat": 6.564444548998064, "lng": 125.49921227854301}, {"lat": 6.563208161841901, "lng": 125.4990835325103}, {"lat": 6.560948549797915, "lng": 125.50067140024711}, {"lat": 6.560309035094265, "lng": 125.50037099283745}, {"lat": 6.558688927504606, "lng": 125.50238801401665}, {"lat": 6.557708333509944, "lng": 125.50281716745903}, {"lat": 6.555488818338789, "lng": 125.50702287119438}, {"lat": 6.5551477401959195, "lng": 125.51114274424125}, {"lat": 6.55565935732272, "lng": 125.51281644266655}, {"lat": 6.556639955348253, "lng": 125.51281644266655}, {"lat": 6.5570663017142365, "lng": 125.5141039029937}, {"lat": 6.5577484551413185, "lng": 125.51414681833793}, {"lat": 6.557194205552936, "lng": 125.5150051252227}, {"lat": 6.556810493938405, "lng": 125.51796628397514}, {"lat": 6.554167139235576, "lng": 125.52024079721977}, {"lat": 6.553058631480282, "lng": 125.5199403898101}, {"lat": 6.5539113299722755, "lng": 125.51886750620415}, {"lat": 6.553570250750421, "lng": 125.51693631571342}, {"lat": 6.552973361550901, "lng": 125.51569177073051}, {"lat": 6.552120661455363, "lng": 125.51406098764946}, {"lat": 6.549508410087986, "lng": 125.51393004717116}, {"lat": 6.548442527338851, "lng": 125.51350089372878}, {"lat": 6.545884399454751, "lng": 125.51384421648268}, {"lat": 6.544520059224088, "lng": 125.51380130113844}, {"lat": 6.541913824731742, "lng": 125.5147476332424}, {"lat": 6.540251021362069, "lng": 125.5159921782253}, {"lat": 6.538929301916381, "lng": 125.51753713061788}, {"lat": 6.537095943351057, "lng": 125.51873876025655}, {"lat": 6.535646306237835, "lng": 125.51895333697775}, {"lat": 6.531147539625128, "lng": 125.51835069642921}, {"lat": 6.518612154455519, "lng": 125.52264223085304}, {"lat": 6.516480255032856, "lng": 125.52959451661964}, {"lat": 6.5239845007933255, "lng": 125.53525934205909}, {"lat": 6.530721171134644, "lng": 125.53328523622413}, {"lat": 6.5265427407097665, "lng": 125.54392824159522}, {"lat": 6.53131808691962, "lng": 125.55294046388526}, {"lat": 6.533961562551031, "lng": 125.55045137391944}, {"lat": 6.53515538567704, "lng": 125.55122385011573}, {"lat": 6.5308917185744235, "lng": 125.56590089784522}, {"lat": 6.52944873801061, "lng": 125.56741489568152}, {"lat": 6.527061061683558, "lng": 125.56767238774695}, {"lat": 6.525611395501924, "lng": 125.56990398564734}, {"lat": 6.523564800808859, "lng": 125.5663849274198}, {"lat": 6.51964213761634, "lng": 125.56707157292762}, {"lat": 6.518874656444721, "lng": 125.57539714970984}, {"lat": 6.51981268882827, "lng": 125.57616962590613}, {"lat": 6.518363001677658, "lng": 125.57711376347937}, {"lat": 6.515293062113284, "lng": 125.58260692754187}, {"lat": 6.513559954022647, "lng": 125.58127029174258}, {"lat": 6.512877740322807, "lng": 125.57981117003848}, {"lat": 6.51398633711409, "lng": 125.57775123351504}, {"lat": 6.51381578392098, "lng": 125.57612045043399}, {"lat": 6.513133570568926, "lng": 125.57466132872989}, {"lat": 6.511854418034276, "lng": 125.57380302184512}, {"lat": 6.513389400684631, "lng": 125.57019813292911}, {"lat": 6.511342756107671, "lng": 125.56788070434024}, {"lat": 6.507164164189962, "lng": 125.56865318053653}, {"lat": 6.5076758303744535, "lng": 125.56573493712833}, {"lat": 6.505202772321599, "lng": 125.5632458471625}, {"lat": 6.505288050388151, "lng": 125.56461913817813}, {"lat": 6.499830224959479, "lng": 125.56702239745547}, {"lat": 6.501450523068055, "lng": 125.566936566767}, {"lat": 6.496248494827862, "lng": 125.57303054564883}, {"lat": 6.497612966456513, "lng": 125.57586295836856}, {"lat": 6.497783525149897, "lng": 125.57843787902286}, {"lat": 6.49539569818095, "lng": 125.57852370971133}, {"lat": 6.490790571319842, "lng": 125.58024032348087}, {"lat": 6.490364168553958, "lng": 125.5848751806586}, {"lat": 6.491984497143468, "lng": 125.5877934240668}, {"lat": 6.495992655985542, "lng": 125.58693511718204}, {"lat": 6.49752768708815, "lng": 125.58899505370547}, {"lat": 6.502644423596208, "lng": 125.58762176268985}, {"lat": 6.5034119295812305, "lng": 125.59019668334415}, {"lat": 6.502047473686553, "lng": 125.59465987914493}, {"lat": 6.4970160105743116, "lng": 125.59663398497989}, {"lat": 6.490833307370194, "lng": 125.59084035566076}, {"lat": 6.481281799734069, "lng": 125.5874071281217}, {"lat": 6.474800316514161, "lng": 125.58723546674474}, {"lat": 6.469853865436736, "lng": 125.58672048261388}, {"lat": 6.464054516297653, "lng": 125.58328725507482}, {"lat": 6.447508949008193, "lng": 125.58208562543615}, {"lat": 6.440856455251793, "lng": 125.58363057782873}, {"lat": 6.436719167815464, "lng": 125.58649888029595}, {"lat": 6.430578276932502, "lng": 125.60160508146782}, {"lat": 6.421707970266653, "lng": 125.60726990690728}, {"lat": 6.412666921728477, "lng": 125.61688294401665}, {"lat": 6.402683237103832, "lng": 125.62199199720348}, {"lat": 6.391424128616318, "lng": 125.61941707654918}, {"lat": 6.385965077684484, "lng": 125.620103722057}, {"lat": 6.368905168541721, "lng": 125.6340082935902}, {"lat": 6.3615317669402005, "lng": 125.64041387808112}, {"lat": 6.351977833008967, "lng": 125.63818228018073}, {"lat": 6.347371408624216, "lng": 125.6393839098194}, {"lat": 6.341229445365909, "lng": 125.64728033315924}, {"lat": 6.329255706569592, "lng": 125.65061942955246}, {"lat": 6.321577971583074, "lng": 125.65439597984543}, {"lat": 6.315947560146053, "lng": 125.65611259361496}, {"lat": 6.303522427538974, "lng": 125.65891970707081}, {"lat": 6.297379943457256, "lng": 125.65703143192432}, {"lat": 6.287654195066474, "lng": 125.66355456424854}, {"lat": 6.275710044695393, "lng": 125.67145098758839}, {"lat": 6.2556808390460334, "lng": 125.68272995666402}, {"lat": 6.224452929408665, "lng": 125.69869446472066}, {"lat": 6.208083620704912, "lng": 125.70643420196856}, {"lat": 6.198526870514351, "lng": 125.70368761993731}, {"lat": 6.18316744510924, "lng": 125.70712084747638}, {"lat": 6.174463572630346, "lng": 125.71312899566973}, {"lat": 6.14512658915221, "lng": 125.71059208978541}, {"lat": 6.132246571016484, "lng": 125.70449378385398}, {"lat": 6.120810946963374, "lng": 125.70518042936179}, {"lat": 6.112959481247601, "lng": 125.71376349820945}, {"lat": 6.097768274908743, "lng": 125.71736838712546}, {"lat": 6.088550928668528, "lng": 125.70638205900046}, {"lat": 6.067944535736681, "lng": 125.7013018926262}, {"lat": 6.0527520574432945, "lng": 125.70181687675706}, {"lat": 6.034315667498808, "lng": 125.70404847465745}, {"lat": 6.02347025887392, "lng": 125.70325072824212}, {"lat": 6.019714545953542, "lng": 125.69501098214837}, {"lat": 6.002130635881003, "lng": 125.69449599801752}, {"lat": 5.995984669333719, "lng": 125.6908911091015}, {"lat": 5.9712853209376515, "lng": 125.68970354063238}, {"lat": 5.957642927129527, "lng": 125.67734392149175}, {"lat": 5.946886566194318, "lng": 125.66635759336675}, {"lat": 5.9349348073509764, "lng": 125.66429765684332}, {"lat": 5.919738625495779, "lng": 125.66258104307379}, {"lat": 5.9159822014748356, "lng": 125.65828950864996}, {"lat": 5.918714148749166, "lng": 125.65142305357183}, {"lat": 5.898396018874399, "lng": 125.6443471338247}, {"lat": 5.895663971359545, "lng": 125.63404745120751}, {"lat": 5.880295953607288, "lng": 125.63095754642235}, {"lat": 5.867318185724225, "lng": 125.62512105960595}, {"lat": 5.867318185724225, "lng": 125.61310476321923}, {"lat": 5.8556523244834455, "lng": 125.60206423416705}, {"lat": 5.843357061621552, "lng": 125.5993176521358}, {"lat": 5.8355016133880255, "lng": 125.58627138748736}, {"lat": 5.82149815015213, "lng": 125.57940493240923}, {"lat": 5.817057954760072, "lng": 125.57150850906939}, {"lat": 5.81193460882568, "lng": 125.56704531326861}, {"lat": 5.799296822896437, "lng": 125.56738863602251}, {"lat": 5.791018145875035, "lng": 125.55434237137408}, {"lat": 5.785211415512794, "lng": 125.5443860115108}, {"lat": 5.774280937835744, "lng": 125.53683291092486}, {"lat": 5.7609591330998, "lng": 125.52721987381548}, {"lat": 5.748320208951893, "lng": 125.52172670975298}, {"lat": 5.749003401221923, "lng": 125.51486025467486}, {"lat": 5.725875362611158, "lng": 125.50425801899375}, {"lat": 5.701278929534463, "lng": 125.50254140522422}, {"lat": 5.70125423599858, "lng": 125.49412304306705}, {"lat": 5.6923719310257965, "lng": 125.48416668320377}, {"lat": 5.670451482052913, "lng": 125.47755248498008}, {"lat": 5.658152211767577, "lng": 125.4675961251168}, {"lat": 5.637652846936569, "lng": 125.45557982873008}, {"lat": 5.627061224599233, "lng": 125.44974334191367}, {"lat": 5.628427896393812, "lng": 125.44390685509727}, {"lat": 5.6243278713750815, "lng": 125.44184691857383}, {"lat": 5.616469409345696, "lng": 125.4459667916207}, {"lat": 5.608952520392216, "lng": 125.43875701378867}, {"lat": 5.6103192346822865, "lng": 125.43292052697227}, {"lat": 5.598360376144507, "lng": 125.43017394494102}, {"lat": 5.590501564421824, "lng": 125.42605407189414}, {"lat": 5.581617563253656, "lng": 125.42021758507774}, {"lat": 5.581617563253656, "lng": 125.41541106652305}, {"lat": 5.5710249243957515, "lng": 125.41403777550742}, {"lat": 5.569658118363458, "lng": 125.40820128869102}, {"lat": 5.564532567430565, "lng": 125.4016781563668}, {"lat": 5.562140628371603, "lng": 125.39343841027305}, {"lat": 5.557698430037078, "lng": 125.37730224083946}, {"lat": 5.562140628371603, "lng": 125.36837584923789}, {"lat": 5.567266200156556, "lng": 125.36425597619102}, {"lat": 5.563165746302163, "lng": 125.35979278039024}, {"lat": 5.566582793166656, "lng": 125.35567290734336}, {"lat": 5.562824040523783, "lng": 125.34022338341758}, {"lat": 5.553939620653976, "lng": 125.33301360558555}, {"lat": 5.556331593036792, "lng": 125.32031066369102}, {"lat": 5.564190862446257, "lng": 125.32958037804649}, {"lat": 5.568633011752606, "lng": 125.3251171822457}, {"lat": 5.573075127480798, "lng": 125.33095366906211}, {"lat": 5.592551699397315, "lng": 125.3086376900582}, {"lat": 5.637994508957297, "lng": 125.37627227257774}, {"lat": 5.6543940492010565, "lng": 125.38863189171836}, {"lat": 5.6629352924372265, "lng": 125.38588530968711}, {"lat": 5.712092798387445, "lng": 125.41002604690595}, {"lat": 5.783144920016011, "lng": 125.44882151809736}, {"lat": 5.783144920016011, "lng": 125.45362803665205}, {"lat": 5.78826852745369, "lng": 125.45328471389814}, {"lat": 5.806822449695025, "lng": 125.46461436477705}, {"lat": 5.838245188507723, "lng": 125.46530101028486}, {"lat": 5.836537476157497, "lng": 125.47628733840986}, {"lat": 5.852248233333112, "lng": 125.4841837617497}, {"lat": 5.857029680538514, "lng": 125.48178050247236}, {"lat": 5.868300072653447, "lng": 125.48487040725752}, {"lat": 5.88230236358321, "lng": 125.47903392044111}, {"lat": 5.8963043019644115, "lng": 125.48315379348799}, {"lat": 5.898353336496811, "lng": 125.47388407913252}, {"lat": 5.904841895893258, "lng": 125.47388407913252}, {"lat": 5.911330379292806, "lng": 125.48075053421064}, {"lat": 5.920892216134584, "lng": 125.48006388870283}, {"lat": 5.923965628558409, "lng": 125.48487040725752}, {"lat": 5.928404971857056, "lng": 125.47903392044111}, {"lat": 5.938649473876657, "lng": 125.49105021682783}, {"lat": 5.949576732677501, "lng": 125.49551341262861}, {"lat": 5.963918430204098, "lng": 125.49311015335127}, {"lat": 5.987643116071419, "lng": 125.50366622456329}, {"lat": 5.999593725730726, "lng": 125.50194961079376}, {"lat": 6.009836896957699, "lng": 125.51190597065704}, {"lat": 6.0135926781211655, "lng": 125.5095027113797}, {"lat": 6.036468239102445, "lng": 125.52426558979766}, {"lat": 6.0489800013521355, "lng": 125.5250397269425}, {"lat": 6.053076920139703, "lng": 125.53224950477453}, {"lat": 6.0595636446808845, "lng": 125.530532891005}, {"lat": 6.0701470804794075, "lng": 125.5360260550675}, {"lat": 6.089265017939382, "lng": 125.53018956825109}, {"lat": 6.102250085123468, "lng": 125.53732667978561}, {"lat": 6.105322472989934, "lng": 125.52943025644576}, {"lat": 6.127852778323414, "lng": 125.5091742139653}, {"lat": 6.1537955878562025, "lng": 125.50436769541061}, {"lat": 6.160963772661489, "lng": 125.50848756845748}, {"lat": 6.179054475030545, "lng": 125.50196443613326}, {"lat": 6.225089198858574, "lng": 125.50299440439498}, {"lat": 6.236351924502776, "lng": 125.49338136728561}, {"lat": 6.253074919174398, "lng": 125.48514162119186}, {"lat": 6.259900477673988, "lng": 125.4762152295903}, {"lat": 6.272976971228239, "lng": 125.47584685246234}, {"lat": 6.2951588629805935, "lng": 125.46520384709125}, {"lat": 6.298571377713095, "lng": 125.45318755070453}, {"lat": 6.3071025663715305, "lng": 125.44700774113421}, {"lat": 6.318363520395301, "lng": 125.44426115910296}, {"lat": 6.316316092423892, "lng": 125.4353347675014}, {"lat": 6.318022282962568, "lng": 125.42331847111468}, {"lat": 6.371252594453265, "lng": 125.42125853459125}, {"lat": 6.372083243587439, "lng": 125.43052824894671}, {"lat": 6.41370816417143, "lng": 125.44048460881}, {"lat": 6.456694267982099, "lng": 125.42263182560687}, {"lat": 6.464601785658141, "lng": 125.39666486062066}, {"lat": 6.507583566042426, "lng": 125.38052869118707}, {"lat": 6.526685400461118, "lng": 125.38705182351129}, {"lat": 6.567274376946297, "lng": 125.45159650124566}, {"lat": 6.572049333426359, "lng": 125.44747662819879}, {"lat": 6.579552743826395, "lng": 125.44987988747613}], "center": "{\"lat\":6.291577823341594,\"lng\":125.51284338216651}"}}, {"model": "app.geofencing", "pk": 357, "fields": {"name": "DAVAO DEL NORTE  POLICE PROVINCIAL OFFICE", "coordinates": [{"lat": 7.999365563743006, "lng": 125.67566295501075}, {"lat": 7.987310546568893, "lng": 125.38160363035212}, {"lat": 7.983060622776818, "lng": 125.38605386622125}, {"lat": 7.983060622776818, "lng": 125.3891437710064}, {"lat": 7.979660651911325, "lng": 125.39017373926812}, {"lat": 7.976090652063984, "lng": 125.39601022608453}, {"lat": 7.9617451402646555, "lng": 125.40279944091625}, {"lat": 7.954944816100036, "lng": 125.40176947265454}, {"lat": 7.946104226082546, "lng": 125.40382940917797}, {"lat": 7.938113528969075, "lng": 125.40022452026196}, {"lat": 7.934543167256035, "lng": 125.40091116576977}, {"lat": 7.930802755059247, "lng": 125.40382940917797}, {"lat": 7.928762515885733, "lng": 125.40983755737133}, {"lat": 7.924341962968327, "lng": 125.41138250976391}, {"lat": 7.914820610859384, "lng": 125.42099554687329}, {"lat": 7.882953013614406, "lng": 125.41866903351044}, {"lat": 7.871193123717169, "lng": 125.41825735310036}, {"lat": 7.856399026680063, "lng": 125.41533910969216}, {"lat": 7.833735037578833, "lng": 125.41788456048582}, {"lat": 7.820130064121205, "lng": 125.4168545922241}, {"lat": 7.804483796170597, "lng": 125.42698261346433}, {"lat": 7.795909506486443, "lng": 125.42959318234085}, {"lat": 7.793018224877683, "lng": 125.4319964416182}, {"lat": 7.774819700208778, "lng": 125.44023618771195}, {"lat": 7.7567143508167185, "lng": 125.44376740102327}, {"lat": 7.743106875615055, "lng": 125.44187912587678}, {"lat": 7.738854449460695, "lng": 125.4425657713846}, {"lat": 7.731710276977862, "lng": 125.43844589833772}, {"lat": 7.7192927370756115, "lng": 125.4429090941385}, {"lat": 7.705969897780659, "lng": 125.43696400782265}, {"lat": 7.6969539112446075, "lng": 125.43009755274453}, {"lat": 7.68674690263628, "lng": 125.42529103418984}, {"lat": 7.684024992211133, "lng": 125.42511937281289}, {"lat": 7.682323789335487, "lng": 125.42649266382851}, {"lat": 7.67225498674512, "lng": 125.42924379616338}, {"lat": 7.662387642151617, "lng": 125.42941545754033}, {"lat": 7.656773361266085, "lng": 125.43010210304814}, {"lat": 7.653200598555317, "lng": 125.42666887550908}, {"lat": 7.643502948902981, "lng": 125.42323564797002}, {"lat": 7.640499416424283, "lng": 125.41751807484142}, {"lat": 7.631311901602448, "lng": 125.41047995838635}, {"lat": 7.625867355212784, "lng": 125.40172522816174}, {"lat": 7.623655488452524, "lng": 125.39091056141369}, {"lat": 7.630461195797185, "lng": 125.38696234974377}, {"lat": 7.633693868853285, "lng": 125.38078254017346}, {"lat": 7.6357355445049455, "lng": 125.3747743919801}, {"lat": 7.640499416424283, "lng": 125.36773627552502}, {"lat": 7.640669553724591, "lng": 125.3637880638551}, {"lat": 7.6391383155821, "lng": 125.36203210740426}, {"lat": 7.639478591199245, "lng": 125.35379236131051}, {"lat": 7.640839690957127, "lng": 125.34984414964059}, {"lat": 7.637096656187617, "lng": 125.344694308332}, {"lat": 7.633864008863387, "lng": 125.34040277390817}, {"lat": 7.636416100888184, "lng": 125.33387964158395}, {"lat": 7.635225126506316, "lng": 125.3311330595527}, {"lat": 7.629780629934608, "lng": 125.3285581388984}, {"lat": 7.63070019411979, "lng": 125.32425824971457}, {"lat": 7.630104699382029, "lng": 125.32176915974875}, {"lat": 7.630955405896428, "lng": 125.31842176289817}, {"lat": 7.633252305031891, "lng": 125.3146452126052}, {"lat": 7.637590858615578, "lng": 125.31138364644309}, {"lat": 7.639174187172997, "lng": 125.30786108229279}, {"lat": 7.638663773281925, "lng": 125.30477117750763}, {"lat": 7.637302666591148, "lng": 125.30185293409943}, {"lat": 7.642661999104381, "lng": 125.30185293409943}, {"lat": 7.648871935184761, "lng": 125.30133794996857}, {"lat": 7.651509003990649, "lng": 125.30065130446076}, {"lat": 7.64997780473334, "lng": 125.28048109266877}, {"lat": 7.64342806302058, "lng": 125.28020854286264}, {"lat": 7.646405435566268, "lng": 125.25231356910776}, {"lat": 7.644704082368792, "lng": 125.25257106117319}, {"lat": 7.6438534032270855, "lng": 125.25154109291147}, {"lat": 7.64011039486866, "lng": 125.2503394632728}, {"lat": 7.635771866865424, "lng": 125.25016780189584}, {"lat": 7.630752730503367, "lng": 125.25076861671518}, {"lat": 7.627698950479585, "lng": 125.25193599066361}, {"lat": 7.622934935949951, "lng": 125.25451091131791}, {"lat": 7.617320136481442, "lng": 125.25588420233353}, {"lat": 7.60672917484452, "lng": 125.2563264573017}, {"lat": 7.602390308607715, "lng": 125.2534082138935}, {"lat": 7.5970274972783995, "lng": 125.252689006729}, {"lat": 7.594900559487033, "lng": 125.25165903846728}, {"lat": 7.592178063752143, "lng": 125.25294649879443}, {"lat": 7.589459942153625, "lng": 125.25250550465127}, {"lat": 7.5854612200097575, "lng": 125.25267716602822}, {"lat": 7.582398343869527, "lng": 125.25207635120888}, {"lat": 7.582058022952836, "lng": 125.25035973743935}, {"lat": 7.5821023466934525, "lng": 125.5070810446083}, {"lat": 7.554195119831582, "lng": 125.5070810446083}, {"lat": 7.548239075581884, "lng": 125.50038625090713}, {"lat": 7.543814532453612, "lng": 125.49798299162978}, {"lat": 7.539049589251017, "lng": 125.50502110808486}, {"lat": 7.532242436564183, "lng": 125.50811101287002}, {"lat": 7.527817729966748, "lng": 125.5099992880165}, {"lat": 7.517266324367082, "lng": 125.51308919280166}, {"lat": 7.510969395605119, "lng": 125.50931264250869}, {"lat": 7.5005877733254565, "lng": 125.51312466396887}, {"lat": 7.489525116368478, "lng": 125.51861782803137}, {"lat": 7.4776111717619616, "lng": 125.52273770107824}, {"lat": 7.472845502842218, "lng": 125.51707287563879}, {"lat": 7.467058549254963, "lng": 125.5174161983927}, {"lat": 7.465186283160207, "lng": 125.52891751064855}, {"lat": 7.460250270487998, "lng": 125.51981945767004}, {"lat": 7.452420618945427, "lng": 125.52393933071691}, {"lat": 7.439654582672835, "lng": 125.5491950218234}, {"lat": 7.441867388922118, "lng": 125.5608679954562}, {"lat": 7.452080196137212, "lng": 125.56378623886441}, {"lat": 7.44680360878618, "lng": 125.56945106430386}, {"lat": 7.436590678674415, "lng": 125.56687614364957}, {"lat": 7.431313904994671, "lng": 125.55297157211636}, {"lat": 7.237169240525183, "lng": 125.55120731534358}, {"lat": 7.237680121583847, "lng": 125.62210346402522}, {"lat": 7.251984556204896, "lng": 125.6210734957635}, {"lat": 7.263564003816643, "lng": 125.6324031466424}, {"lat": 7.262653149030323, "lng": 125.63869470191705}, {"lat": 7.273891762209329, "lng": 125.63749307227837}, {"lat": 7.2801920738142245, "lng": 125.66324227882134}, {"lat": 7.26043944966593, "lng": 125.66358560157525}, {"lat": 7.2531171356945405, "lng": 125.68006509376275}, {"lat": 7.255671444798729, "lng": 125.68058007789361}, {"lat": 7.261461158419086, "lng": 125.68143838477837}, {"lat": 7.26571825323207, "lng": 125.6831549985479}, {"lat": 7.269805026313464, "lng": 125.68590158057916}, {"lat": 7.270996994791884, "lng": 125.6831549985479}, {"lat": 7.274402601580679, "lng": 125.68452828956353}, {"lat": 7.284108439128094, "lng": 125.69105142188775}, {"lat": 7.292792431437829, "lng": 125.69757455421197}, {"lat": 7.292182564029307, "lng": 125.70165762475152}, {"lat": 7.289798736520546, "lng": 125.70921072533746}, {"lat": 7.2904798313893, "lng": 125.71401724389214}, {"lat": 7.292693382558711, "lng": 125.7141889052691}, {"lat": 7.295077194655828, "lng": 125.71830877831597}, {"lat": 7.297290723091856, "lng": 125.71830877831597}, {"lat": 7.296269095943464, "lng": 125.71504721215386}, {"lat": 7.299333970390286, "lng": 125.7141889052691}, {"lat": 7.301377208355367, "lng": 125.7167638259234}, {"lat": 7.30495285232828, "lng": 125.7196820693316}, {"lat": 7.306314994889776, "lng": 125.7226003127398}, {"lat": 7.309209534045975, "lng": 125.72637686303277}, {"lat": 7.307847400308443, "lng": 125.72998175194878}, {"lat": 7.308358200946731, "lng": 125.7339299636187}, {"lat": 7.311082461152828, "lng": 125.73530325463433}, {"lat": 7.310912195376764, "lng": 125.7390798049273}, {"lat": 7.315849876521101, "lng": 125.73839315941949}, {"lat": 7.3189146166529095, "lng": 125.73753485253472}, {"lat": 7.324479949515343, "lng": 125.74415440853295}, {"lat": 7.332992899739481, "lng": 125.7582306414431}, {"lat": 7.338951868060597, "lng": 125.77247853573022}, {"lat": 7.3393564706863055, "lng": 125.7780123375404}, {"lat": 7.3475286328520735, "lng": 125.7919169090736}, {"lat": 7.35893535786109, "lng": 125.80599314198376}, {"lat": 7.3645534877813805, "lng": 125.81285959706189}, {"lat": 7.365915447950662, "lng": 125.81697947010876}, {"lat": 7.361659308529104, "lng": 125.81800943837048}, {"lat": 7.361659308529104, "lng": 125.82058435902478}, {"lat": 7.366085692677574, "lng": 125.82127100453259}, {"lat": 7.362510539681965, "lng": 125.83105570301892}, {"lat": 7.365745203158357, "lng": 125.8303690575111}, {"lat": 7.3645534877813805, "lng": 125.83500391468884}, {"lat": 7.367958380357208, "lng": 125.83569056019665}, {"lat": 7.371363246768762, "lng": 125.83191400990368}, {"lat": 7.373540327936488, "lng": 125.8326006554115}, {"lat": 7.375412984098108, "lng": 125.8351755760658}, {"lat": 7.376434429574437, "lng": 125.83242899403454}, {"lat": 7.380179709482689, "lng": 125.83139902577282}, {"lat": 7.397266429952218, "lng": 125.8348751110144}, {"lat": 7.420417468154295, "lng": 125.8458614391394}, {"lat": 7.439482114444216, "lng": 125.82526207390502}, {"lat": 7.457184258664745, "lng": 125.83350181999877}, {"lat": 7.462784716659881, "lng": 125.83886325490104}, {"lat": 7.462784716659881, "lng": 125.84435641896354}, {"lat": 7.4712949992234865, "lng": 125.8422964824401}, {"lat": 7.472656629055155, "lng": 125.85019290577995}, {"lat": 7.484911106450414, "lng": 125.86632907521354}, {"lat": 7.489336249801592, "lng": 125.86117923390495}, {"lat": 7.493420957632666, "lng": 125.86598575245964}, {"lat": 7.501249873894465, "lng": 125.87079227101432}, {"lat": 7.497505627160218, "lng": 125.87937533986198}, {"lat": 7.4988671751539755, "lng": 125.8858984721862}, {"lat": 7.5079901876286765, "lng": 125.88454082136113}, {"lat": 7.511904532269452, "lng": 125.87080791120488}, {"lat": 7.503565233856114, "lng": 125.86771800641972}, {"lat": 7.526880829521936, "lng": 125.85501506452519}, {"lat": 7.543388194232366, "lng": 125.92144801740605}, {"lat": 7.648436589511161, "lng": 125.94151553239722}, {"lat": 7.694898765534598, "lng": 125.90533091673258}, {"lat": 7.69574934262009, "lng": 125.90996577391032}, {"lat": 7.7008527692943245, "lng": 125.91065241941813}, {"lat": 7.718926443908344, "lng": 125.92405598149553}, {"lat": 7.76111060666774, "lng": 125.94328205571428}, {"lat": 7.8141749903498585, "lng": 125.92130939946428}, {"lat": 7.83458257548839, "lng": 125.9116963623549}, {"lat": 7.854989160509086, "lng": 125.9116963623549}, {"lat": 7.6767380710486, "lng": 125.8018330811049}, {"lat": 7.6767380710486, "lng": 125.77711384282365}, {"lat": 7.709400404332172, "lng": 125.7798604248549}, {"lat": 7.742060217222501, "lng": 125.75651447758928}, {"lat": 7.765192720737885, "lng": 125.7359151123549}, {"lat": 7.755667726250711, "lng": 125.71806232915178}, {"lat": 7.778799481096791, "lng": 125.71256916508928}, {"lat": 7.786963325483349, "lng": 125.69883625493303}], "center": "{\"lat\":7.559954435804071,\"lng\":125.56945646171067}"}}, {"model": "app.deployedunits", "pk": 32, "fields": {"destination": "Davao-Agusan National Highway, Purok 18, Panacan, Davao City, Davao Region, 8000, Philippines", "deployment_name": "testing1", "coordinates": "{\"lat\":7.166316349854692,\"lng\":125.65693281494143}", "is_done": true}}, {"model": "users.customuser", "pk": 1, "fields": {"last_login": "2024-08-14T07:40:02.720Z", "username": "testing", "first_name": "", "last_name": "", "date_joined": "2024-08-14T06:51:12Z", "email": "test@email.com", "password": "pbkdf2_sha256$600000$rYY4WNTEB4WqNQEfC9AhfX$Q50WJRqxyiFgJ2GJ5DSCEZsrhWlPCXKOUIwshhKImy8=", "is_active": true, "is_staff": true, "is_superuser": true, "twofactor_code": null, "role": "admin", "sub_unit": null, "groups": [], "user_permissions": []}}, {"model": "users.customuser", "pk": 2, "fields": {"last_login": null, "username": "testing1", "first_name": "", "last_name": "", "date_joined": "2024-08-14T07:56:33.345Z", "email": "testing1@gmail.com", "password": "pbkdf2_sha256$600000$MAeTvGdu3pCnUZF0YRRIX5$yss03PXfMTw0AOkgxN6jd0rMXzctl/XXWNBTjWhUJdA=", "is_active": true, "is_staff": false, "is_superuser": false, "twofactor_code": null, "role": "user", "sub_unit": null, "groups": [], "user_permissions": []}}, {"model": "users.customuser", "pk": 3, "fields": {"last_login": null, "username": "testing2", "first_name": "", "last_name": "", "date_joined": "2024-08-14T08:00:09.217Z", "email": "testing2@gmail.com", "password": "pbkdf2_sha256$600000$4LGXLvjEo7mdDJTDtP0Z4E$nCCPhQmUCdgV+vfCJp+HLYhyw6/rnzjqeyajQtoMwok=", "is_active": true, "is_staff": false, "is_superuser": false, "twofactor_code": null, "role": "user", "sub_unit": null, "groups": [], "user_permissions": []}}, {"model": "users.customuser", "pk": 4, "fields": {"last_login": null, "username": "testing3", "first_name": "", "last_name": "", "date_joined": "2024-08-14T08:01:21.759Z", "email": "testing3@gmail.com", "password": "pbkdf2_sha256$600000$hf3yFMESq3uoHlfHUTDpqt$g8ruSzTWz/xHa0kj4dvH84C1zE0fYeYm8SHNKfl/G9M=", "is_active": true, "is_staff": false, "is_superuser": false, "twofactor_code": null, "role": "user", "sub_unit": null, "groups": [], "user_permissions": []}}, {"model": "users.customuser", "pk": 5, "fields": {"last_login": null, "username": "testing4", "first_name": "", "last_name": "", "date_joined": "2024-08-14T08:30:15.180Z", "email": "testing4@gmail.com", "password": "pbkdf2_sha256$600000$rcRd79paxSTC2dlDTsmaxT$l+YriSUjsPsU36AjPpM+QnIdC3cMVAPfSJvltimfo5I=", "is_active": true, "is_staff": false, "is_superuser": false, "twofactor_code": null, "role": "user", "sub_unit": null, "groups": [], "user_permissions": []}}, {"model": "users.customuser", "pk": 6, "fields": {"last_login": null, "username": "alvin_escubido", "first_name": "", "last_name": "", "date_joined": "2024-08-15T06:20:39.941Z", "email": "testing5@gmail.com", "password": "pbkdf2_sha256$600000$tuDWfyHTXSx4ZxzLSUnWfc$jXrgt5aFpCqX0TRpZKPEJtSK+Si9EpawyO7t5jdIwJ4=", "is_active": true, "is_staff": false, "is_superuser": false, "twofactor_code": null, "role": "user", "sub_unit": null, "groups": [], "user_permissions": []}}, {"model": "users.customuser", "pk": 7, "fields": {"last_login": null, "username": "aperong,_ricky_timban", "first_name": "", "last_name": "", "date_joined": "2024-08-22T07:16:54.769Z", "email": "aperong@gmail.com", "password": "pbkdf2_sha256$600000$IwJL9sEKkMpiAEL9rYPN6p$fpE1y4L8kDyqlEifUJp0mOQWG+WzfGskAKtJOoNX3t8=", "is_active": true, "is_staff": false, "is_superuser": false, "twofactor_code": null, "role": "user", "sub_unit": null, "groups": [], "user_permissions": []}}, {"model": "users.customuser", "pk": 8, "fields": {"last_login": null, "username": "golpe,_arnel_peralta", "first_name": "", "last_name": "", "date_joined": "2024-08-24T07:47:05.174Z", "email": "arnel.golpe@pnp.gov.ph", "password": "pbkdf2_sha256$600000$UBOardAUmb5JynRJG6xvLA$Mic2ggQs4AIiumO9WcvhqLGbG1zhjxgG/jpoAqFHOh0=", "is_active": true, "is_staff": false, "is_superuser": false, "twofactor_code": null, "role": "user", "sub_unit": null, "groups": [], "user_permissions": []}}, {"model": "users.customuser", "pk": 9, "fields": {"last_login": null, "username": "galeos,_cyldrick_arellano", "first_name": "", "last_name": "", "date_joined": "2024-08-24T11:30:51.486Z", "email": "cagaleos@gmail.com", "password": "pbkdf2_sha256$600000$PJrAfuly5RpNfHw3OZgRfu$MtOEaL7NmbaksbdFe+7XJmmIUV7N8uk5C8A9e071fFo=", "is_active": true, "is_staff": false, "is_superuser": false, "twofactor_code": null, "role": "user", "sub_unit": null, "groups": [], "user_permissions": []}}, {"model": "users.customuser", "pk": 10, "fields": {"last_login": null, "username": "celorico,_alvin_pepito", "first_name": "", "last_name": "", "date_joined": "2024-08-24T11:32:05.257Z", "email": "cyborj05@gmail.com", "password": "pbkdf2_sha256$600000$brS4q4oRljHaR4eoAzqhBy$SkO/mjGQ3hG6WZY040D7r1Oj7i344iiRAq+5yKaIAqQ=", "is_active": true, "is_staff": false, "is_superuser": false, "twofactor_code": null, "role": "user", "sub_unit": null, "groups": [], "user_permissions": []}}]